functional_test.go:974: 437500, 131945, -69.84%, 1, 3500000, 30, RESOLUTION_2560X1440, BITRATE_CONTROL_CONSTANT, TWO, H265, CAMERA_PRIMARY
functional_test.go:974: 187500, 208510, 11.21%, 1, 1500000, 15, RESOLUTION_1920X1080, BITRATE_CONTROL_CONSTANT, TWO, H265, CAMERA_SECONDARY
functional_test.go:974: 37500, 14565, -61.16%, 1, 300000, 15, RESOLUTION_640X360, BITRATE_CONTROL_CONSTANT, TWO, H265, CAMERA_PRIMARY_LOW_RES
functional_test.go:974: 18750, 17765, -5.25%, 1, 150000, 15, RESOLUTION_640X360, BITRATE_CONTROL_CONSTANT, TWO, H265, CAMERA_SECONDARY_LOW_RES
functional_test.go:974: 437500, 202855, -53.63%, 1, 3500000, 30, RESOLUTION_2560X1440, BITRATE_CONTROL_CONSTANT, TWO, H265, CAMERA_PRIMARY
functional_test.go:974: 187500, 129434, -30.97%, 1, 1500000, 15, RESOLUTION_1920X1080, BITRATE_CONTROL_CONSTANT, TWO, H265, CAMERA_SECONDARY
functional_test.go:974: 37500, 14091, -62.42%, 1, 300000, 15, RESOLUTION_640X360, BITRATE_CONTROL_CONSTANT, TWO, H265, CAMERA_PRIMARY_LOW_RES
functional_test.go:974: 18750, 19845, 5.84%, 1, 150000, 15, RESOLUTION_640X360, BITRATE_CONTROL_CONSTANT, TWO, H265, CAMERA_SECONDARY_LOW_RES
functional_test.go:974: 437500, 185226, -57.66%, 1, 3500000, 30, RESOLUTION_2560X1440, BITRATE_CONTROL_CONSTANT, TWO, H265, CAMERA_PRIMARY
functional_test.go:974: 187500, 114979, -38.68%, 1, 1500000, 15, RESOLUTION_1920X1080, BITRATE_CONTROL_CONSTANT, TWO, H265, CAMERA_SECONDARY
functional_test.go:974: 37500, 17970, -52.08%, 1, 300000, 15, RESOLUTION_640X360, BITRATE_CONTROL_CONSTANT, TWO, H265, CAMERA_PRIMARY_LOW_RES
functional_test.go:974: 18750, 8660, -53.81%, 1, 150000, 15, RESOLUTION_640X360, BITRATE_CONTROL_CONSTANT, TWO, H265, CAMERA_SECONDARY_LOW_RES
functional_test.go:974: 437500, 180667, -58.70%, 1, 3500000, 30, RESOLUTION_2560X1440, BITRATE_CONTROL_CONSTANT, TWO, H265, CAMERA_PRIMARY
functional_test.go:974: 187500, 110824, -40.89%, 1, 1500000, 15, RESOLUTION_1920X1080, BITRATE_CONTROL_CONSTANT, TWO, H265, CAMERA_SECONDARY
functional_test.go:974: 37500, 17152, -54.26%, 1, 300000, 15, RESOLUTION_640X360, BITRATE_CONTROL_CONSTANT, TWO, H265, CAMERA_PRIMARY_LOW_RES
functional_test.go:974: 18750, 8370, -55.36%, 1, 150000, 15, RESOLUTION_640X360, BITRATE_CONTROL_CONSTANT, TWO, H265, CAMERA_SECONDARY_LOW_RES
functional_test.go:974: 437500, 290158, -33.68%, 1, 3500000, 30, RESOLUTION_2560X1440, BITRATE_CONTROL_CONSTANT, TWO, H265, CAMERA_PRIMARY
functional_test.go:974: 187500, 97764, -47.86%, 1, 1500000, 15, RESOLUTION_1920X1080, BITRATE_CONTROL_CONSTANT, TWO, H265, CAMERA_SECONDARY
functional_test.go:974: 37500, 16952, -54.79%, 1, 300000, 15, RESOLUTION_640X360, BITRATE_CONTROL_CONSTANT, TWO, H265, CAMERA_PRIMARY_LOW_RES
functional_test.go:974: 18750, 9338, -50.20%, 1, 150000, 15, RESOLUTION_640X360, BITRATE_CONTROL_CONSTANT, TWO, H265, CAMERA_SECONDARY_LOW_RES
functional_test.go:974: 437500, 193471, -55.78%, 1, 3500000, 30, RESOLUTION_2560X1440, BITRATE_CONTROL_CONSTANT, TWO, H265, CAMERA_PRIMARY
functional_test.go:974: 187500, 110921, -40.84%, 1, 1500000, 15, RESOLUTION_1920X1080, BITRATE_CONTROL_CONSTANT, TWO, H265, CAMERA_SECONDARY
functional_test.go:974: 37500, 23794, -36.55%, 1, 300000, 15, RESOLUTION_640X360, BITRATE_CONTROL_CONSTANT, TWO, H265, CAMERA_PRIMARY_LOW_RES
functional_test.go:974: 18750, 8724, -53.47%, 1, 150000, 15, RESOLUTION_640X360, BITRATE_CONTROL_CONSTANT, TWO, H265, CAMERA_SECONDARY_LOW_RES
functional_test.go:974: 437500, 138890, -68.25%, 1, 3500000, 30, RESOLUTION_2560X1440, BITRATE_CONTROL_CONSTANT, TWO, H265, CAMERA_PRIMARY
functional_test.go:974: 187500, 98210, -47.62%, 1, 1500000, 15, RESOLUTION_1920X1080, BITRATE_CONTROL_CONSTANT, TWO, H265, CAMERA_SECONDARY
functional_test.go:974: 37500, 12511, -66.64%, 1, 300000, 15, RESOLUTION_640X360, BITRATE_CONTROL_CONSTANT, TWO, H265, CAMERA_PRIMARY_LOW_RES
functional_test.go:974: 18750, 9022, -51.88%, 1, 150000, 15, RESOLUTION_640X360, BITRATE_CONTROL_CONSTANT, TWO, H265, CAMERA_SECONDARY_LOW_RES
functional_test.go:974: 437500, 290509, -33.60%, 1, 3500000, 30, RESOLUTION_2560X1440, BITRATE_CONTROL_CONSTANT, TWO, H265, CAMERA_PRIMARY
functional_test.go:974: 187500, 110508, -41.06%, 1, 1500000, 15, RESOLUTION_1920X1080, BITRATE_CONTROL_CONSTANT, TWO, H265, CAMERA_SECONDARY
functional_test.go:974: 37500, 15460, -58.77%, 1, 300000, 15, RESOLUTION_640X360, BITRATE_CONTROL_CONSTANT, TWO, H265, CAMERA_PRIMARY_LOW_RES
functional_test.go:974: 18750, 8955, -52.24%, 1, 150000, 15, RESOLUTION_640X360, BITRATE_CONTROL_CONSTANT, TWO, H265, CAMERA_SECONDARY_LOW_RES
functional_test.go:974: 437500, 104130, -76.20%, 1, 3500000, 30, RESOLUTION_2560X1440, BITRATE_CONTROL_CONSTANT, TWO, H265, CAMERA_PRIMARY
functional_test.go:974: 187500, 110485, -41.07%, 1, 1500000, 15, RESOLUTION_1920X1080, BITRATE_CONTROL_CONSTANT, TWO, H265, CAMERA_SECONDARY
functional_test.go:974: 37500, 16796, -55.21%, 1, 300000, 15, RESOLUTION_640X360, BITRATE_CONTROL_CONSTANT, TWO, H265, CAMERA_PRIMARY_LOW_RES
functional_test.go:974: 18750, 8243, -56.04%, 1, 150000, 15, RESOLUTION_640X360, BITRATE_CONTROL_CONSTANT, TWO, H265, CAMERA_SECONDARY_LOW_RES
functional_test.go:974: 437500, 182361, -58.32%, 1, 3500000, 30, RESOLUTION_2560X1440, BITRATE_CONTROL_CONSTANT, TWO, H265, CAMERA_PRIMARY
functional_test.go:974: 187500, 110253, -41.20%, 1, 1500000, 15, RESOLUTION_1920X1080, BITRATE_CONTROL_CONSTANT, TWO, H265, CAMERA_SECONDARY
functional_test.go:974: 37500, 12422, -66.87%, 1, 300000, 15, RESOLUTION_640X360, BITRATE_CONTROL_CONSTANT, TWO, H265, CAMERA_PRIMARY_LOW_RES
functional_test.go:974: 18750, 8673, -53.74%, 1, 150000, 15, RESOLUTION_640X360, BITRATE_CONTROL_CONSTANT, TWO, H265, CAMERA_SECONDARY_LOW_RES
functional_test.go:974: 437500, 165350, -62.21%, 1, 3500000, 30, RESOLUTION_2560X1440, BITRATE_CONTROL_CONSTANT, TWO, H265, CAMERA_PRIMARY
functional_test.go:974: 187500, 110546, -41.04%, 1, 1500000, 15, RESOLUTION_1920X1080, BITRATE_CONTROL_CONSTANT, TWO, H265, CAMERA_SECONDARY
functional_test.go:974: 37500, 18175, -51.53%, 1, 300000, 15, RESOLUTION_640X360, BITRATE_CONTROL_CONSTANT, TWO, H265, CAMERA_PRIMARY_LOW_RES
functional_test.go:974: 18750, 8071, -56.95%, 1, 150000, 15, RESOLUTION_640X360, BITRATE_CONTROL_CONSTANT, TWO, H265, CAMERA_SECONDARY_LOW_RES
functional_test.go:974: 437500, 162594, -62.84%, 1, 3500000, 30, RESOLUTION_2560X1440, BITRATE_CONTROL_CONSTANT, TWO, H265, CAMERA_PRIMARY
functional_test.go:974: 187500, 110619, -41.00%, 1, 1500000, 15, RESOLUTION_1920X1080, BITRATE_CONTROL_CONSTANT, TWO, H265, CAMERA_SECONDARY
functional_test.go:974: 37500, 18346, -51.08%, 1, 300000, 15, RESOLUTION_640X360, BITRATE_CONTROL_CONSTANT, TWO, H265, CAMERA_PRIMARY_LOW_RES
functional_test.go:974: 18750, 8541, -54.45%, 1, 150000, 15, RESOLUTION_640X360, BITRATE_CONTROL_CONSTANT, TWO, H265, CAMERA_SECONDARY_LOW_RES
functional_test.go:974: 437500, 327467, -25.15%, 1, 3500000, 30, RESOLUTION_2560X1440, BITRATE_CONTROL_CONSTANT, TWO, H265, CAMERA_PRIMARY
functional_test.go:974: 187500, 97231, -48.14%, 1, 1500000, 15, RESOLUTION_1920X1080, BITRATE_CONTROL_CONSTANT, TWO, H265, CAMERA_SECONDARY
functional_test.go:974: 37500, 17303, -53.86%, 1, 300000, 15, RESOLUTION_640X360, BITRATE_CONTROL_CONSTANT, TWO, H265, CAMERA_PRIMARY_LOW_RES
functional_test.go:974: 18750, 9719, -48.17%, 1, 150000, 15, RESOLUTION_640X360, BITRATE_CONTROL_CONSTANT, TWO, H265, CAMERA_SECONDARY_LOW_RES
functional_test.go:974: 437500, 326396, -25.40%, 1, 3500000, 30, RESOLUTION_2560X1440, BITRATE_CONTROL_CONSTANT, TWO, H265, CAMERA_PRIMARY
functional_test.go:974: 187500, 110960, -40.82%, 1, 1500000, 15, RESOLUTION_1920X1080, BITRATE_CONTROL_CONSTANT, TWO, H265, CAMERA_SECONDARY
functional_test.go:974: 37500, 19436, -48.17%, 1, 300000, 15, RESOLUTION_640X360, BITRATE_CONTROL_CONSTANT, TWO, H265, CAMERA_PRIMARY_LOW_RES
functional_test.go:974: 18750, 8854, -52.78%, 1, 150000, 15, RESOLUTION_640X360, BITRATE_CONTROL_CONSTANT, TWO, H265, CAMERA_SECONDARY_LOW_RES
functional_test.go:974: 437500, 137829, -68.50%, 1, 3500000, 30, RESOLUTION_2560X1440, BITRATE_CONTROL_CONSTANT, TWO, H265, CAMERA_PRIMARY
functional_test.go:974: 187500, 118487, -36.81%, 1, 1500000, 15, RESOLUTION_1920X1080, BITRATE_CONTROL_CONSTANT, TWO, H265, CAMERA_SECONDARY
functional_test.go:974: 37500, 12363, -67.03%, 1, 300000, 15, RESOLUTION_640X360, BITRATE_CONTROL_CONSTANT, TWO, H265, CAMERA_PRIMARY_LOW_RES
functional_test.go:974: 18750, 9015, -51.92%, 1, 150000, 15, RESOLUTION_640X360, BITRATE_CONTROL_CONSTANT, TWO, H265, CAMERA_SECONDARY_LOW_RES
functional_test.go:974: 437500, 103921, -76.25%, 1, 3500000, 30, RESOLUTION_2560X1440, BITRATE_CONTROL_CONSTANT, TWO, H265, CAMERA_PRIMARY
functional_test.go:974: 187500, 91213, -51.35%, 1, 1500000, 15, RESOLUTION_1920X1080, BITRATE_CONTROL_CONSTANT, TWO, H265, CAMERA_SECONDARY
functional_test.go:974: 37500, 17039, -54.56%, 1, 300000, 15, RESOLUTION_640X360, BITRATE_CONTROL_CONSTANT, TWO, H265, CAMERA_PRIMARY_LOW_RES
functional_test.go:974: 18750, 9547, -49.08%, 1, 150000, 15, RESOLUTION_640X360, BITRATE_CONTROL_CONSTANT, TWO, H265, CAMERA_SECONDARY_LOW_RES
functional_test.go:974: 437500, 312590, -28.55%, 1, 3500000, 30, RESOLUTION_2560X1440, BITRATE_CONTROL_CONSTANT, TWO, H265, CAMERA_PRIMARY
functional_test.go:974: 187500, 110880, -40.86%, 1, 1500000, 15, RESOLUTION_1920X1080, BITRATE_CONTROL_CONSTANT, TWO, H265, CAMERA_SECONDARY
functional_test.go:974: 37500, 18478, -50.73%, 1, 300000, 15, RESOLUTION_640X360, BITRATE_CONTROL_CONSTANT, TWO, H265, CAMERA_PRIMARY_LOW_RES
functional_test.go:974: 18750, 8861, -52.74%, 1, 150000, 15, RESOLUTION_640X360, BITRATE_CONTROL_CONSTANT, TWO, H265, CAMERA_SECONDARY_LOW_RES
functional_test.go:974: 437500, 315500, -27.89%, 1, 3500000, 30, RESOLUTION_2560X1440, BITRATE_CONTROL_CONSTANT, TWO, H265, CAMERA_PRIMARY
functional_test.go:974: 187500, 110604, -41.01%, 1, 1500000, 15, RESOLUTION_1920X1080, BITRATE_CONTROL_CONSTANT, TWO, H265, CAMERA_SECONDARY
functional_test.go:974: 37500, 23704, -36.79%, 1, 300000, 15, RESOLUTION_640X360, BITRATE_CONTROL_CONSTANT, TWO, H265, CAMERA_PRIMARY_LOW_RES
functional_test.go:974: 18750, 9079, -51.58%, 1, 150000, 15, RESOLUTION_640X360, BITRATE_CONTROL_CONSTANT, TWO, H265, CAMERA_SECONDARY_LOW_RES
functional_test.go:974: 437500, 112442, -74.30%, 1, 3500000, 30, RESOLUTION_2560X1440, BITRATE_CONTROL_CONSTANT, TWO, H265, CAMERA_PRIMARY
functional_test.go:974: 187500, 97974, -47.75%, 1, 1500000, 15, RESOLUTION_1920X1080, BITRATE_CONTROL_CONSTANT, TWO, H265, CAMERA_SECONDARY
functional_test.go:974: 37500, 15454, -58.79%, 1, 300000, 15, RESOLUTION_640X360, BITRATE_CONTROL_CONSTANT, TWO, H265, CAMERA_PRIMARY_LOW_RES
functional_test.go:974: 18750, 9359, -50.09%, 1, 150000, 15, RESOLUTION_640X360, BITRATE_CONTROL_CONSTANT, TWO, H265, CAMERA_SECONDARY_LOW_RES
functional_test.go:974: 437500, 291134, -33.46%, 1, 3500000, 30, RESOLUTION_2560X1440, BITRATE_CONTROL_CONSTANT, TWO, H265, CAMERA_PRIMARY
functional_test.go:974: 187500, 97201, -48.16%, 1, 1500000, 15, RESOLUTION_1920X1080, BITRATE_CONTROL_CONSTANT, TWO, H265, CAMERA_SECONDARY
functional_test.go:974: 37500, 15711, -58.10%, 1, 300000, 15, RESOLUTION_640X360, BITRATE_CONTROL_CONSTANT, TWO, H265, CAMERA_PRIMARY_LOW_RES
functional_test.go:974: 18750, 9675, -48.40%, 1, 150000, 15, RESOLUTION_640X360, BITRATE_CONTROL_CONSTANT, TWO, H265, CAMERA_SECONDARY_LOW_RES
functional_test.go:974: 437500, 191995, -56.12%, 1, 3500000, 30, RESOLUTION_2560X1440, BITRATE_CONTROL_CONSTANT, TWO, H265, CAMERA_PRIMARY
functional_test.go:974: 187500, 93695, -50.03%, 1, 1500000, 15, RESOLUTION_1920X1080, BITRATE_CONTROL_CONSTANT, TWO, H265, CAMERA_SECONDARY
functional_test.go:974: 37500, 26934, -28.18%, 1, 300000, 15, RESOLUTION_640X360, BITRATE_CONTROL_CONSTANT, TWO, H265, CAMERA_PRIMARY_LOW_RES
functional_test.go:974: 18750, 9157, -51.16%, 1, 150000, 15, RESOLUTION_640X360, BITRATE_CONTROL_CONSTANT, TWO, H265, CAMERA_SECONDARY_LOW_RES
functional_test.go:974: 437500, 161740, -63.03%, 1, 3500000, 30, RESOLUTION_2560X1440, BITRATE_CONTROL_CONSTANT, TWO, H265, CAMERA_PRIMARY
functional_test.go:974: 187500, 98293, -47.58%, 1, 1500000, 15, RESOLUTION_1920X1080, BITRATE_CONTROL_CONSTANT, TWO, H265, CAMERA_SECONDARY
functional_test.go:974: 37500, 15240, -59.36%, 1, 300000, 15, RESOLUTION_640X360, BITRATE_CONTROL_CONSTANT, TWO, H265, CAMERA_PRIMARY_LOW_RES
functional_test.go:974: 18750, 9684, -48.35%, 1, 150000, 15, RESOLUTION_640X360, BITRATE_CONTROL_CONSTANT, TWO, H265, CAMERA_SECONDARY_LOW_RES
functional_test.go:974: 437500, 120243, -72.52%, 1, 3500000, 30, RESOLUTION_2560X1440, BITRATE_CONTROL_CONSTANT, TWO, H265, CAMERA_PRIMARY
functional_test.go:974: 187500, 110267, -41.19%, 1, 1500000, 15, RESOLUTION_1920X1080, BITRATE_CONTROL_CONSTANT, TWO, H265, CAMERA_SECONDARY
functional_test.go:974: 37500, 16911, -54.90%, 1, 300000, 15, RESOLUTION_640X360, BITRATE_CONTROL_CONSTANT, TWO, H265, CAMERA_PRIMARY_LOW_RES
functional_test.go:974: 18750, 8063, -57.00%, 1, 150000, 15, RESOLUTION_640X360, BITRATE_CONTROL_CONSTANT, TWO, H265, CAMERA_SECONDARY_LOW_RES
functional_test.go:974: 437500, 289093, -33.92%, 1, 3500000, 30, RESOLUTION_2560X1440, BITRATE_CONTROL_CONSTANT, TWO, H265, CAMERA_PRIMARY
functional_test.go:974: 187500, 110669, -40.98%, 1, 1500000, 15, RESOLUTION_1920X1080, BITRATE_CONTROL_CONSTANT, TWO, H265, CAMERA_SECONDARY
functional_test.go:974: 37500, 18414, -50.90%, 1, 300000, 15, RESOLUTION_640X360, BITRATE_CONTROL_CONSTANT, TWO, H265, CAMERA_PRIMARY_LOW_RES
functional_test.go:974: 18750, 8752, -53.32%, 1, 150000, 15, RESOLUTION_640X360, BITRATE_CONTROL_CONSTANT, TWO, H265, CAMERA_SECONDARY_LOW_RES
functional_test.go:974: 437500, 121090, -72.32%, 1, 3500000, 30, RESOLUTION_2560X1440, BITRATE_CONTROL_CONSTANT, TWO, H265, CAMERA_PRIMARY
functional_test.go:974: 187500, 79090, -57.82%, 1, 1500000, 15, RESOLUTION_1920X1080, BITRATE_CONTROL_CONSTANT, TWO, H265, CAMERA_SECONDARY
functional_test.go:974: 37500, 17033, -54.58%, 1, 300000, 15, RESOLUTION_640X360, BITRATE_CONTROL_CONSTANT, TWO, H265, CAMERA_PRIMARY_LOW_RES
functional_test.go:974: 18750, 9252, -50.66%, 1, 150000, 15, RESOLUTION_640X360, BITRATE_CONTROL_CONSTANT, TWO, H265, CAMERA_SECONDARY_LOW_RES
functional_test.go:974: 437500, 105459, -75.90%, 1, 3500000, 30, RESOLUTION_2560X1440, BITRATE_CONTROL_CONSTANT, TWO, H265, CAMERA_PRIMARY
functional_test.go:974: 187500, 101191, -46.03%, 1, 1500000, 15, RESOLUTION_1920X1080, BITRATE_CONTROL_CONSTANT, TWO, H265, CAMERA_SECONDARY
functional_test.go:974: 37500, 15920, -57.55%, 1, 300000, 15, RESOLUTION_640X360, BITRATE_CONTROL_CONSTANT, TWO, H265, CAMERA_PRIMARY_LOW_RES
functional_test.go:974: 18750, 9893, -47.24%, 1, 150000, 15, RESOLUTION_640X360, BITRATE_CONTROL_CONSTANT, TWO, H265, CAMERA_SECONDARY_LOW_RES
functional_test.go:974: 437500, 111948, -74.41%, 1, 3500000, 30, RESOLUTION_2560X1440, BITRATE_CONTROL_CONSTANT, TWO, H265, CAMERA_PRIMARY
functional_test.go:974: 187500, 97065, -48.23%, 1, 1500000, 15, RESOLUTION_1920X1080, BITRATE_CONTROL_CONSTANT, TWO, H265, CAMERA_SECONDARY
functional_test.go:974: 37500, 15702, -58.13%, 1, 300000, 15, RESOLUTION_640X360, BITRATE_CONTROL_CONSTANT, TWO, H265, CAMERA_PRIMARY_LOW_RES
functional_test.go:974: 18750, 9452, -49.59%, 1, 150000, 15, RESOLUTION_640X360, BITRATE_CONTROL_CONSTANT, TWO, H265, CAMERA_SECONDARY_LOW_RES
functional_test.go:974: 437500, 183742, -58.00%, 1, 3500000, 30, RESOLUTION_2560X1440, BITRATE_CONTROL_CONSTANT, TWO, H265, CAMERA_PRIMARY
functional_test.go:974: 187500, 111340, -40.62%, 1, 1500000, 15, RESOLUTION_1920X1080, BITRATE_CONTROL_CONSTANT, TWO, H265, CAMERA_SECONDARY
functional_test.go:974: 37500, 12050, -67.87%, 1, 300000, 15, RESOLUTION_640X360, BITRATE_CONTROL_CONSTANT, TWO, H265, CAMERA_PRIMARY_LOW_RES
functional_test.go:974: 18750, 8843, -52.84%, 1, 150000, 15, RESOLUTION_640X360, BITRATE_CONTROL_CONSTANT, TWO, H265, CAMERA_SECONDARY_LOW_RES
functional_test.go:974: 437500, 318684, -27.16%, 1, 3500000, 30, RESOLUTION_2560X1440, BITRATE_CONTROL_CONSTANT, TWO, H265, CAMERA_PRIMARY
functional_test.go:974: 187500, 107266, -42.79%, 1, 1500000, 15, RESOLUTION_1920X1080, BITRATE_CONTROL_CONSTANT, TWO, H265, CAMERA_SECONDARY
functional_test.go:974: 37500, 18932, -49.51%, 1, 300000, 15, RESOLUTION_640X360, BITRATE_CONTROL_CONSTANT, TWO, H265, CAMERA_PRIMARY_LOW_RES
functional_test.go:974: 18750, 9162, -51.14%, 1, 150000, 15, RESOLUTION_640X360, BITRATE_CONTROL_CONSTANT, TWO, H265, CAMERA_SECONDARY_LOW_RES
functional_test.go:974: 437500, 276187, -36.87%, 1, 3500000, 30, RESOLUTION_2560X1440, BITRATE_CONTROL_CONSTANT, TWO, H265, CAMERA_PRIMARY
functional_test.go:974: 187500, 94524, -49.59%, 1, 1500000, 15, RESOLUTION_1920X1080, BITRATE_CONTROL_CONSTANT, TWO, H265, CAMERA_SECONDARY
functional_test.go:974: 37500, 22592, -39.75%, 1, 300000, 15, RESOLUTION_640X360, BITRATE_CONTROL_CONSTANT, TWO, H265, CAMERA_PRIMARY_LOW_RES
functional_test.go:974: 18750, 9243, -50.70%, 1, 150000, 15, RESOLUTION_640X360, BITRATE_CONTROL_CONSTANT, TWO, H265, CAMERA_SECONDARY_LOW_RES
functional_test.go:974: 437500, 138408, -68.36%, 1, 3500000, 30, RESOLUTION_2560X1440, BITRATE_CONTROL_CONSTANT, TWO, H265, CAMERA_PRIMARY
functional_test.go:974: 187500, 110615, -41.01%, 1, 1500000, 15, RESOLUTION_1920X1080, BITRATE_CONTROL_CONSTANT, TWO, H265, CAMERA_SECONDARY
functional_test.go:974: 37500, 12489, -66.70%, 1, 300000, 15, RESOLUTION_640X360, BITRATE_CONTROL_CONSTANT, TWO, H265, CAMERA_PRIMARY_LOW_RES
functional_test.go:974: 18750, 9203, -50.92%, 1, 150000, 15, RESOLUTION_640X360, BITRATE_CONTROL_CONSTANT, TWO, H265, CAMERA_SECONDARY_LOW_RES
functional_test.go:974: 437500, 190444, -56.47%, 1, 3500000, 30, RESOLUTION_2560X1440, BITRATE_CONTROL_CONSTANT, TWO, H265, CAMERA_PRIMARY
functional_test.go:974: 187500, 93687, -50.03%, 1, 1500000, 15, RESOLUTION_1920X1080, BITRATE_CONTROL_CONSTANT, TWO, H265, CAMERA_SECONDARY
functional_test.go:974: 37500, 23711, -36.77%, 1, 300000, 15, RESOLUTION_640X360, BITRATE_CONTROL_CONSTANT, TWO, H265, CAMERA_PRIMARY_LOW_RES
functional_test.go:974: 18750, 9301, -50.39%, 1, 150000, 15, RESOLUTION_640X360, BITRATE_CONTROL_CONSTANT, TWO, H265, CAMERA_SECONDARY_LOW_RES
functional_test.go:974: 437500, 169709, -61.21%, 1, 3500000, 30, RESOLUTION_2560X1440, BITRATE_CONTROL_CONSTANT, TWO, H265, CAMERA_PRIMARY
functional_test.go:974: 187500, 82446, -56.03%, 1, 1500000, 15, RESOLUTION_1920X1080, BITRATE_CONTROL_CONSTANT, TWO, H265, CAMERA_SECONDARY
functional_test.go:974: 37500, 15869, -57.68%, 1, 300000, 15, RESOLUTION_640X360, BITRATE_CONTROL_CONSTANT, TWO, H265, CAMERA_PRIMARY_LOW_RES
functional_test.go:974: 18750, 9359, -50.09%, 1, 150000, 15, RESOLUTION_640X360, BITRATE_CONTROL_CONSTANT, TWO, H265, CAMERA_SECONDARY_LOW_RES
functional_test.go:974: 437500, 170013, -61.14%, 1, 3500000, 30, RESOLUTION_2560X1440, BITRATE_CONTROL_CONSTANT, TWO, H265, CAMERA_PRIMARY
functional_test.go:974: 187500, 110550, -41.04%, 1, 1500000, 15, RESOLUTION_1920X1080, BITRATE_CONTROL_CONSTANT, TWO, H265, CAMERA_SECONDARY
functional_test.go:974: 37500, 15105, -59.72%, 1, 300000, 15, RESOLUTION_640X360, BITRATE_CONTROL_CONSTANT, TWO, H265, CAMERA_PRIMARY_LOW_RES
functional_test.go:974: 18750, 8096, -56.82%, 1, 150000, 15, RESOLUTION_640X360, BITRATE_CONTROL_CONSTANT, TWO, H265, CAMERA_SECONDARY_LOW_RES
functional_test.go:974: 437500, 289643, -33.80%, 1, 3500000, 30, RESOLUTION_2560X1440, BITRATE_CONTROL_CONSTANT, TWO, H265, CAMERA_PRIMARY
functional_test.go:974: 187500, 110487, -41.07%, 1, 1500000, 15, RESOLUTION_1920X1080, BITRATE_CONTROL_CONSTANT, TWO, H265, CAMERA_SECONDARY
functional_test.go:974: 37500, 18446, -50.81%, 1, 300000, 15, RESOLUTION_640X360, BITRATE_CONTROL_CONSTANT, TWO, H265, CAMERA_PRIMARY_LOW_RES
functional_test.go:974: 18750, 8714, -53.53%, 1, 150000, 15, RESOLUTION_640X360, BITRATE_CONTROL_CONSTANT, TWO, H265, CAMERA_SECONDARY_LOW_RES
functional_test.go:974: 437500, 290688, -33.56%, 1, 3500000, 30, RESOLUTION_2560X1440, BITRATE_CONTROL_CONSTANT, TWO, H265, CAMERA_PRIMARY
functional_test.go:974: 187500, 94151, -49.79%, 1, 1500000, 15, RESOLUTION_1920X1080, BITRATE_CONTROL_CONSTANT, TWO, H265, CAMERA_SECONDARY
functional_test.go:974: 37500, 18467, -50.75%, 1, 300000, 15, RESOLUTION_640X360, BITRATE_CONTROL_CONSTANT, TWO, H265, CAMERA_PRIMARY_LOW_RES
functional_test.go:974: 18750, 9254, -50.65%, 1, 150000, 15, RESOLUTION_640X360, BITRATE_CONTROL_CONSTANT, TWO, H265, CAMERA_SECONDARY_LOW_RES
functional_test.go:974: 437500, 129409, -70.42%, 1, 3500000, 30, RESOLUTION_2560X1440, BITRATE_CONTROL_CONSTANT, TWO, H265, CAMERA_PRIMARY
functional_test.go:974: 187500, 111530, -40.52%, 1, 1500000, 15, RESOLUTION_1920X1080, BITRATE_CONTROL_CONSTANT, TWO, H265, CAMERA_SECONDARY
functional_test.go:974: 37500, 12165, -67.56%, 1, 300000, 15, RESOLUTION_640X360, BITRATE_CONTROL_CONSTANT, TWO, H265, CAMERA_PRIMARY_LOW_RES
functional_test.go:974: 18750, 9310, -50.35%, 1, 150000, 15, RESOLUTION_640X360, BITRATE_CONTROL_CONSTANT, TWO, H265, CAMERA_SECONDARY_LOW_RES
functional_test.go:974: 437500, 180559, -58.73%, 1, 3500000, 30, RESOLUTION_2560X1440, BITRATE_CONTROL_CONSTANT, TWO, H265, CAMERA_PRIMARY
functional_test.go:974: 187500, 111115, -40.74%, 1, 1500000, 15, RESOLUTION_1920X1080, BITRATE_CONTROL_CONSTANT, TWO, H265, CAMERA_SECONDARY
functional_test.go:974: 37500, 17028, -54.59%, 1, 300000, 15, RESOLUTION_640X360, BITRATE_CONTROL_CONSTANT, TWO, H265, CAMERA_PRIMARY_LOW_RES
functional_test.go:974: 18750, 8315, -55.65%, 1, 150000, 15, RESOLUTION_640X360, BITRATE_CONTROL_CONSTANT, TWO, H265, CAMERA_SECONDARY_LOW_RES
functional_test.go:974: 437500, 112165, -74.36%, 1, 3500000, 30, RESOLUTION_2560X1440, BITRATE_CONTROL_CONSTANT, TWO, H265, CAMERA_PRIMARY
functional_test.go:974: 187500, 98261, -47.59%, 1, 1500000, 15, RESOLUTION_1920X1080, BITRATE_CONTROL_CONSTANT, TWO, H265, CAMERA_SECONDARY
functional_test.go:974: 37500, 15764, -57.96%, 1, 300000, 15, RESOLUTION_640X360, BITRATE_CONTROL_CONSTANT, TWO, H265, CAMERA_PRIMARY_LOW_RES
functional_test.go:974: 18750, 9546, -49.09%, 1, 150000, 15, RESOLUTION_640X360, BITRATE_CONTROL_CONSTANT, TWO, H265, CAMERA_SECONDARY_LOW_RES
functional_test.go:974: 437500, 121282, -72.28%, 1, 3500000, 30, RESOLUTION_2560X1440, BITRATE_CONTROL_CONSTANT, TWO, H265, CAMERA_PRIMARY
functional_test.go:974: 187500, 111257, -40.66%, 1, 1500000, 15, RESOLUTION_1920X1080, BITRATE_CONTROL_CONSTANT, TWO, H265, CAMERA_SECONDARY
functional_test.go:974: 37500, 18543, -50.55%, 1, 300000, 15, RESOLUTION_640X360, BITRATE_CONTROL_CONSTANT, TWO, H265, CAMERA_PRIMARY_LOW_RES
functional_test.go:974: 18750, 8500, -54.67%, 1, 150000, 15, RESOLUTION_640X360, BITRATE_CONTROL_CONSTANT, TWO, H265, CAMERA_SECONDARY_LOW_RES
functional_test.go:974: 437500, 168506, -61.48%, 1, 3500000, 30, RESOLUTION_2560X1440, BITRATE_CONTROL_CONSTANT, TWO, H265, CAMERA_PRIMARY
functional_test.go:974: 187500, 110501, -41.07%, 1, 1500000, 15, RESOLUTION_1920X1080, BITRATE_CONTROL_CONSTANT, TWO, H265, CAMERA_SECONDARY
functional_test.go:974: 37500, 10831, -71.12%, 1, 300000, 15, RESOLUTION_640X360, BITRATE_CONTROL_CONSTANT, TWO, H265, CAMERA_PRIMARY_LOW_RES
functional_test.go:974: 18750, 8149, -56.54%, 1, 150000, 15, RESOLUTION_640X360, BITRATE_CONTROL_CONSTANT, TWO, H265, CAMERA_SECONDARY_LOW_RES
functional_test.go:974: 437500, 138735, -68.29%, 1, 3500000, 30, RESOLUTION_2560X1440, BITRATE_CONTROL_CONSTANT, TWO, H265, CAMERA_PRIMARY
functional_test.go:974: 187500, 110993, -40.80%, 1, 1500000, 15, RESOLUTION_1920X1080, BITRATE_CONTROL_CONSTANT, TWO, H265, CAMERA_SECONDARY
functional_test.go:974: 37500, 23764, -36.63%, 1, 300000, 15, RESOLUTION_640X360, BITRATE_CONTROL_CONSTANT, TWO, H265, CAMERA_PRIMARY_LOW_RES
functional_test.go:974: 18750, 8729, -53.45%, 1, 150000, 15, RESOLUTION_640X360, BITRATE_CONTROL_CONSTANT, TWO, H265, CAMERA_SECONDARY_LOW_RES
functional_test.go:974: 437500, 289984, -33.72%, 1, 3500000, 30, RESOLUTION_2560X1440, BITRATE_CONTROL_CONSTANT, TWO, H265, CAMERA_PRIMARY
functional_test.go:974: 187500, 115230, -38.54%, 1, 1500000, 15, RESOLUTION_1920X1080, BITRATE_CONTROL_CONSTANT, TWO, H265, CAMERA_SECONDARY
functional_test.go:974: 37500, 23701, -36.80%, 1, 300000, 15, RESOLUTION_640X360, BITRATE_CONTROL_CONSTANT, TWO, H265, CAMERA_PRIMARY_LOW_RES
functional_test.go:974: 18750, 9193, -50.97%, 1, 150000, 15, RESOLUTION_640X360, BITRATE_CONTROL_CONSTANT, TWO, H265, CAMERA_SECONDARY_LOW_RES
functional_test.go:974: 437500, 193348, -55.81%, 1, 3500000, 30, RESOLUTION_2560X1440, BITRATE_CONTROL_CONSTANT, TWO, H265, CAMERA_PRIMARY
functional_test.go:974: 187500, 94313, -49.70%, 1, 1500000, 15, RESOLUTION_1920X1080, BITRATE_CONTROL_CONSTANT, TWO, H265, CAMERA_SECONDARY
functional_test.go:974: 37500, 23513, -37.30%, 1, 300000, 15, RESOLUTION_640X360, BITRATE_CONTROL_CONSTANT, TWO, H265, CAMERA_PRIMARY_LOW_RES
functional_test.go:974: 18750, 9322, -50.28%, 1, 150000, 15, RESOLUTION_640X360, BITRATE_CONTROL_CONSTANT, TWO, H265, CAMERA_SECONDARY_LOW_RES
functional_test.go:974: 437500, 288445, -34.07%, 1, 3500000, 30, RESOLUTION_2560X1440, BITRATE_CONTROL_CONSTANT, TWO, H265, CAMERA_PRIMARY
functional_test.go:974: 187500, 110153, -41.25%, 1, 1500000, 15, RESOLUTION_1920X1080, BITRATE_CONTROL_CONSTANT, TWO, H265, CAMERA_SECONDARY
functional_test.go:974: 37500, 18158, -51.58%, 1, 300000, 15, RESOLUTION_640X360, BITRATE_CONTROL_CONSTANT, TWO, H265, CAMERA_PRIMARY_LOW_RES
functional_test.go:974: 18750, 8744, -53.37%, 1, 150000, 15, RESOLUTION_640X360, BITRATE_CONTROL_CONSTANT, TWO, H265, CAMERA_SECONDARY_LOW_RES
functional_test.go:974: 437500, 120346, -72.49%, 1, 3500000, 30, RESOLUTION_2560X1440, BITRATE_CONTROL_CONSTANT, TWO, H265, CAMERA_PRIMARY
functional_test.go:974: 187500, 93833, -49.96%, 1, 1500000, 15, RESOLUTION_1920X1080, BITRATE_CONTROL_CONSTANT, TWO, H265, CAMERA_SECONDARY
functional_test.go:974: 37500, 18151, -51.60%, 1, 300000, 15, RESOLUTION_640X360, BITRATE_CONTROL_CONSTANT, TWO, H265, CAMERA_PRIMARY_LOW_RES
functional_test.go:974: 18750, 9091, -51.51%, 1, 150000, 15, RESOLUTION_640X360, BITRATE_CONTROL_CONSTANT, TWO, H265, CAMERA_SECONDARY_LOW_RES
functional_test.go:974: 437500, 196295, -55.13%, 1, 3500000, 30, RESOLUTION_2560X1440, BITRATE_CONTROL_CONSTANT, TWO, H265, CAMERA_PRIMARY
functional_test.go:974: 187500, 210774, 12.41%, 1, 1500000, 15, RESOLUTION_1920X1080, BITRATE_CONTROL_CONSTANT, TWO, H265, CAMERA_SECONDARY
functional_test.go:974: 37500, 11872, -68.34%, 1, 300000, 15, RESOLUTION_640X360, BITRATE_CONTROL_CONSTANT, TWO, H265, CAMERA_PRIMARY_LOW_RES
functional_test.go:974: 18750, 14530, -22.51%, 1, 150000, 15, RESOLUTION_640X360, BITRATE_CONTROL_CONSTANT, TWO, H265, CAMERA_SECONDARY_LOW_RES
functional_test.go:974: 437500, 361332, -17.41%, 1, 3500000, 30, RESOLUTION_2560X1440, BITRATE_CONTROL_CONSTANT, TWO, H265, CAMERA_PRIMARY
functional_test.go:974: 187500, 126584, -32.49%, 1, 1500000, 15, RESOLUTION_1920X1080, BITRATE_CONTROL_CONSTANT, TWO, H265, CAMERA_SECONDARY
functional_test.go:974: 37500, 21257, -43.31%, 1, 300000, 15, RESOLUTION_640X360, BITRATE_CONTROL_CONSTANT, TWO, H265, CAMERA_PRIMARY_LOW_RES
functional_test.go:974: 18750, 9155, -51.17%, 1, 150000, 15, RESOLUTION_640X360, BITRATE_CONTROL_CONSTANT, TWO, H265, CAMERA_SECONDARY_LOW_RES
functional_test.go:974: 437500, 289104, -33.92%, 1, 3500000, 30, RESOLUTION_2560X1440, BITRATE_CONTROL_CONSTANT, TWO, H265, CAMERA_PRIMARY
functional_test.go:974: 187500, 111297, -40.64%, 1, 1500000, 15, RESOLUTION_1920X1080, BITRATE_CONTROL_CONSTANT, TWO, H265, CAMERA_SECONDARY
functional_test.go:974: 37500, 22406, -40.25%, 1, 300000, 15, RESOLUTION_640X360, BITRATE_CONTROL_CONSTANT, TWO, H265, CAMERA_PRIMARY_LOW_RES
functional_test.go:974: 18750, 8968, -52.17%, 1, 150000, 15, RESOLUTION_640X360, BITRATE_CONTROL_CONSTANT, TWO, H265, CAMERA_SECONDARY_LOW_RES
functional_test.go:974: 437500, 291336, -33.41%, 1, 3500000, 30, RESOLUTION_2560X1440, BITRATE_CONTROL_CONSTANT, TWO, H265, CAMERA_PRIMARY
functional_test.go:974: 187500, 101336, -45.95%, 1, 1500000, 15, RESOLUTION_1920X1080, BITRATE_CONTROL_CONSTANT, TWO, H265, CAMERA_SECONDARY
functional_test.go:974: 37500, 22889, -38.96%, 1, 300000, 15, RESOLUTION_640X360, BITRATE_CONTROL_CONSTANT, TWO, H265, CAMERA_PRIMARY_LOW_RES
functional_test.go:974: 18750, 10186, -45.67%, 1, 150000, 15, RESOLUTION_640X360, BITRATE_CONTROL_CONSTANT, TWO, H265, CAMERA_SECONDARY_LOW_RES
functional_test.go:974: 437500, 315578, -27.87%, 1, 3500000, 30, RESOLUTION_2560X1440, BITRATE_CONTROL_CONSTANT, TWO, H265, CAMERA_PRIMARY
functional_test.go:974: 187500, 112283, -40.12%, 1, 1500000, 15, RESOLUTION_1920X1080, BITRATE_CONTROL_CONSTANT, TWO, H265, CAMERA_SECONDARY
functional_test.go:974: 37500, 18698, -50.14%, 1, 300000, 15, RESOLUTION_640X360, BITRATE_CONTROL_CONSTANT, TWO, H265, CAMERA_PRIMARY_LOW_RES
functional_test.go:974: 18750, 9102, -51.46%, 1, 150000, 15, RESOLUTION_640X360, BITRATE_CONTROL_CONSTANT, TWO, H265, CAMERA_SECONDARY_LOW_RES
functional_test.go:974: 437500, 167491, -61.72%, 1, 3500000, 30, RESOLUTION_2560X1440, BITRATE_CONTROL_CONSTANT, TWO, H265, CAMERA_PRIMARY
functional_test.go:974: 187500, 82260, -56.13%, 1, 1500000, 15, RESOLUTION_1920X1080, BITRATE_CONTROL_CONSTANT, TWO, H265, CAMERA_SECONDARY
functional_test.go:974: 37500, 15681, -58.18%, 1, 300000, 15, RESOLUTION_640X360, BITRATE_CONTROL_CONSTANT, TWO, H265, CAMERA_PRIMARY_LOW_RES
functional_test.go:974: 18750, 9622, -48.68%, 1, 150000, 15, RESOLUTION_640X360, BITRATE_CONTROL_CONSTANT, TWO, H265, CAMERA_SECONDARY_LOW_RES
functional_test.go:974: 437500, 143636, -67.17%, 1, 3500000, 30, RESOLUTION_2560X1440, BITRATE_CONTROL_CONSTANT, TWO, H265, CAMERA_PRIMARY
functional_test.go:974: 187500, 113284, -39.58%, 1, 1500000, 15, RESOLUTION_1920X1080, BITRATE_CONTROL_CONSTANT, TWO, H265, CAMERA_SECONDARY
functional_test.go:974: 37500, 24979, -33.39%, 1, 300000, 15, RESOLUTION_640X360, BITRATE_CONTROL_CONSTANT, TWO, H265, CAMERA_PRIMARY_LOW_RES
functional_test.go:974: 18750, 9139, -51.26%, 1, 150000, 15, RESOLUTION_640X360, BITRATE_CONTROL_CONSTANT, TWO, H265, CAMERA_SECONDARY_LOW_RES
functional_test.go:974: 437500, 288710, -34.01%, 1, 3500000, 30, RESOLUTION_2560X1440, BITRATE_CONTROL_CONSTANT, TWO, H265, CAMERA_PRIMARY
functional_test.go:974: 187500, 112039, -40.25%, 1, 1500000, 15, RESOLUTION_1920X1080, BITRATE_CONTROL_CONSTANT, TWO, H265, CAMERA_SECONDARY
functional_test.go:974: 37500, 15798, -57.87%, 1, 300000, 15, RESOLUTION_640X360, BITRATE_CONTROL_CONSTANT, TWO, H265, CAMERA_PRIMARY_LOW_RES
functional_test.go:974: 18750, 8620, -54.03%, 1, 150000, 15, RESOLUTION_640X360, BITRATE_CONTROL_CONSTANT, TWO, H265, CAMERA_SECONDARY_LOW_RES
functional_test.go:974: 437500, 121050, -72.33%, 1, 3500000, 30, RESOLUTION_2560X1440, BITRATE_CONTROL_CONSTANT, TWO, H265, CAMERA_PRIMARY
functional_test.go:974: 187500, 79959, -57.36%, 1, 1500000, 15, RESOLUTION_1920X1080, BITRATE_CONTROL_CONSTANT, TWO, H265, CAMERA_SECONDARY
functional_test.go:974: 37500, 16846, -55.08%, 1, 300000, 15, RESOLUTION_640X360, BITRATE_CONTROL_CONSTANT, TWO, H265, CAMERA_PRIMARY_LOW_RES
functional_test.go:974: 18750, 9298, -50.41%, 1, 150000, 15, RESOLUTION_640X360, BITRATE_CONTROL_CONSTANT, TWO, H265, CAMERA_SECONDARY_LOW_RES
functional_test.go:974: 437500, 290715, -33.55%, 1, 3500000, 30, RESOLUTION_2560X1440, BITRATE_CONTROL_CONSTANT, TWO, H265, CAMERA_PRIMARY
functional_test.go:974: 187500, 111008, -40.80%, 1, 1500000, 15, RESOLUTION_1920X1080, BITRATE_CONTROL_CONSTANT, TWO, H265, CAMERA_SECONDARY
functional_test.go:974: 37500, 15433, -58.85%, 1, 300000, 15, RESOLUTION_640X360, BITRATE_CONTROL_CONSTANT, TWO, H265, CAMERA_PRIMARY_LOW_RES
functional_test.go:974: 18750, 8682, -53.70%, 1, 150000, 15, RESOLUTION_640X360, BITRATE_CONTROL_CONSTANT, TWO, H265, CAMERA_SECONDARY_LOW_RES
functional_test.go:974: 437500, 144074, -67.07%, 1, 3500000, 30, RESOLUTION_2560X1440, BITRATE_CONTROL_CONSTANT, TWO, H265, CAMERA_PRIMARY
functional_test.go:974: 187500, 100564, -46.37%, 1, 1500000, 15, RESOLUTION_1920X1080, BITRATE_CONTROL_CONSTANT, TWO, H265, CAMERA_SECONDARY
functional_test.go:974: 37500, 24864, -33.70%, 1, 300000, 15, RESOLUTION_640X360, BITRATE_CONTROL_CONSTANT, TWO, H265, CAMERA_PRIMARY_LOW_RES
functional_test.go:974: 18750, 9623, -48.68%, 1, 150000, 15, RESOLUTION_640X360, BITRATE_CONTROL_CONSTANT, TWO, H265, CAMERA_SECONDARY_LOW_RES
functional_test.go:974: 437500, 161257, -63.14%, 1, 3500000, 30, RESOLUTION_2560X1440, BITRATE_CONTROL_CONSTANT, TWO, H265, CAMERA_PRIMARY
functional_test.go:974: 187500, 112280, -40.12%, 1, 1500000, 15, RESOLUTION_1920X1080, BITRATE_CONTROL_CONSTANT, TWO, H265, CAMERA_SECONDARY
functional_test.go:974: 37500, 18630, -50.32%, 1, 300000, 15, RESOLUTION_640X360, BITRATE_CONTROL_CONSTANT, TWO, H265, CAMERA_PRIMARY_LOW_RES
functional_test.go:974: 18750, 8611, -54.07%, 1, 150000, 15, RESOLUTION_640X360, BITRATE_CONTROL_CONSTANT, TWO, H265, CAMERA_SECONDARY_LOW_RES
functional_test.go:974: 437500, 168106, -61.58%, 1, 3500000, 30, RESOLUTION_2560X1440, BITRATE_CONTROL_CONSTANT, TWO, H265, CAMERA_PRIMARY
functional_test.go:974: 187500, 101116, -46.07%, 1, 1500000, 15, RESOLUTION_1920X1080, BITRATE_CONTROL_CONSTANT, TWO, H265, CAMERA_SECONDARY
functional_test.go:974: 37500, 16662, -55.57%, 1, 300000, 15, RESOLUTION_640X360, BITRATE_CONTROL_CONSTANT, TWO, H265, CAMERA_PRIMARY_LOW_RES
functional_test.go:974: 18750, 9641, -48.58%, 1, 150000, 15, RESOLUTION_640X360, BITRATE_CONTROL_CONSTANT, TWO, H265, CAMERA_SECONDARY_LOW_RES
functional_test.go:974: 437500, 103957, -76.24%, 1, 3500000, 30, RESOLUTION_2560X1440, BITRATE_CONTROL_CONSTANT, TWO, H265, CAMERA_PRIMARY
functional_test.go:974: 187500, 98281, -47.58%, 1, 1500000, 15, RESOLUTION_1920X1080, BITRATE_CONTROL_CONSTANT, TWO, H265, CAMERA_SECONDARY
functional_test.go:974: 37500, 15558, -58.51%, 1, 300000, 15, RESOLUTION_640X360, BITRATE_CONTROL_CONSTANT, TWO, H265, CAMERA_PRIMARY_LOW_RES
functional_test.go:974: 18750, 9678, -48.38%, 1, 150000, 15, RESOLUTION_640X360, BITRATE_CONTROL_CONSTANT, TWO, H265, CAMERA_SECONDARY_LOW_RES
functional_test.go:974: 437500, 172705, -60.52%, 1, 3500000, 30, RESOLUTION_2560X1440, BITRATE_CONTROL_CONSTANT, TWO, H265, CAMERA_PRIMARY
functional_test.go:974: 187500, 93532, -50.12%, 1, 1500000, 15, RESOLUTION_1920X1080, BITRATE_CONTROL_CONSTANT, TWO, H265, CAMERA_SECONDARY
functional_test.go:974: 37500, 12216, -67.42%, 1, 300000, 15, RESOLUTION_640X360, BITRATE_CONTROL_CONSTANT, TWO, H265, CAMERA_PRIMARY_LOW_RES
functional_test.go:974: 18750, 9035, -51.81%, 1, 150000, 15, RESOLUTION_640X360, BITRATE_CONTROL_CONSTANT, TWO, H265, CAMERA_SECONDARY_LOW_RES
functional_test.go:974: 437500, 192955, -55.90%, 1, 3500000, 30, RESOLUTION_2560X1440, BITRATE_CONTROL_CONSTANT, TWO, H265, CAMERA_PRIMARY
functional_test.go:974: 187500, 112420, -40.04%, 1, 1500000, 15, RESOLUTION_1920X1080, BITRATE_CONTROL_CONSTANT, TWO, H265, CAMERA_SECONDARY
functional_test.go:974: 37500, 25013, -33.30%, 1, 300000, 15, RESOLUTION_640X360, BITRATE_CONTROL_CONSTANT, TWO, H265, CAMERA_PRIMARY_LOW_RES
functional_test.go:974: 18750, 9538, -49.13%, 1, 150000, 15, RESOLUTION_640X360, BITRATE_CONTROL_CONSTANT, TWO, H265, CAMERA_SECONDARY_LOW_RES
functional_test.go:974: 437500, 107246, -75.49%, 1, 3500000, 30, RESOLUTION_2560X1440, BITRATE_CONTROL_CONSTANT, TWO, H265, CAMERA_PRIMARY
functional_test.go:974: 187500, 113430, -39.50%, 1, 1500000, 15, RESOLUTION_1920X1080, BITRATE_CONTROL_CONSTANT, TWO, H265, CAMERA_SECONDARY
functional_test.go:974: 37500, 17769, -52.62%, 1, 300000, 15, RESOLUTION_640X360, BITRATE_CONTROL_CONSTANT, TWO, H265, CAMERA_PRIMARY_LOW_RES
functional_test.go:974: 18750, 8585, -54.21%, 1, 150000, 15, RESOLUTION_640X360, BITRATE_CONTROL_CONSTANT, TWO, H265, CAMERA_SECONDARY_LOW_RES
functional_test.go:974: 437500, 288779, -33.99%, 1, 3500000, 30, RESOLUTION_2560X1440, BITRATE_CONTROL_CONSTANT, TWO, H265, CAMERA_PRIMARY
functional_test.go:974: 187500, 111632, -40.46%, 1, 1500000, 15, RESOLUTION_1920X1080, BITRATE_CONTROL_CONSTANT, TWO, H265, CAMERA_SECONDARY
functional_test.go:974: 37500, 18396, -50.94%, 1, 300000, 15, RESOLUTION_640X360, BITRATE_CONTROL_CONSTANT, TWO, H265, CAMERA_PRIMARY_LOW_RES
functional_test.go:974: 18750, 8573, -54.28%, 1, 150000, 15, RESOLUTION_640X360, BITRATE_CONTROL_CONSTANT, TWO, H265, CAMERA_SECONDARY_LOW_RES
functional_test.go:974: 437500, 180341, -58.78%, 1, 3500000, 30, RESOLUTION_2560X1440, BITRATE_CONTROL_CONSTANT, TWO, H265, CAMERA_PRIMARY
functional_test.go:974: 187500, 94519, -49.59%, 1, 1500000, 15, RESOLUTION_1920X1080, BITRATE_CONTROL_CONSTANT, TWO, H265, CAMERA_SECONDARY
functional_test.go:974: 37500, 12169, -67.55%, 1, 300000, 15, RESOLUTION_640X360, BITRATE_CONTROL_CONSTANT, TWO, H265, CAMERA_PRIMARY_LOW_RES
functional_test.go:974: 18750, 9332, -50.23%, 1, 150000, 15, RESOLUTION_640X360, BITRATE_CONTROL_CONSTANT, TWO, H265, CAMERA_SECONDARY_LOW_RES
functional_test.go:974: 437500, 290508, -33.60%, 1, 3500000, 30, RESOLUTION_2560X1440, BITRATE_CONTROL_CONSTANT, TWO, H265, CAMERA_PRIMARY
functional_test.go:974: 187500, 111482, -40.54%, 1, 1500000, 15, RESOLUTION_1920X1080, BITRATE_CONTROL_CONSTANT, TWO, H265, CAMERA_SECONDARY
functional_test.go:974: 37500, 17902, -52.26%, 1, 300000, 15, RESOLUTION_640X360, BITRATE_CONTROL_CONSTANT, TWO, H265, CAMERA_PRIMARY_LOW_RES
functional_test.go:974: 18750, 8603, -54.12%, 1, 150000, 15, RESOLUTION_640X360, BITRATE_CONTROL_CONSTANT, TWO, H265, CAMERA_SECONDARY_LOW_RES
functional_test.go:974: 437500, 123304, -71.82%, 1, 3500000, 30, RESOLUTION_2560X1440, BITRATE_CONTROL_CONSTANT, TWO, H265, CAMERA_PRIMARY
functional_test.go:974: 187500, 112674, -39.91%, 1, 1500000, 15, RESOLUTION_1920X1080, BITRATE_CONTROL_CONSTANT, TWO, H265, CAMERA_SECONDARY
functional_test.go:974: 37500, 18637, -50.30%, 1, 300000, 15, RESOLUTION_640X360, BITRATE_CONTROL_CONSTANT, TWO, H265, CAMERA_PRIMARY_LOW_RES
functional_test.go:974: 18750, 9002, -51.99%, 1, 150000, 15, RESOLUTION_640X360, BITRATE_CONTROL_CONSTANT, TWO, H265, CAMERA_SECONDARY_LOW_RES
functional_test.go:974: 437500, 267866, -38.77%, 1, 3500000, 30, RESOLUTION_2560X1440, BITRATE_CONTROL_CONSTANT, TWO, H265, CAMERA_PRIMARY
functional_test.go:974: 187500, 112779, -39.85%, 1, 1500000, 15, RESOLUTION_1920X1080, BITRATE_CONTROL_CONSTANT, TWO, H265, CAMERA_SECONDARY
functional_test.go:974: 37500, 18955, -49.45%, 1, 300000, 15, RESOLUTION_640X360, BITRATE_CONTROL_CONSTANT, TWO, H265, CAMERA_PRIMARY_LOW_RES
functional_test.go:974: 18750, 9255, -50.64%, 1, 150000, 15, RESOLUTION_640X360, BITRATE_CONTROL_CONSTANT, TWO, H265, CAMERA_SECONDARY_LOW_RES
functional_test.go:974: 437500, 293299, -32.96%, 1, 3500000, 30, RESOLUTION_2560X1440, BITRATE_CONTROL_CONSTANT, TWO, H265, CAMERA_PRIMARY
functional_test.go:974: 187500, 113910, -39.25%, 1, 1500000, 15, RESOLUTION_1920X1080, BITRATE_CONTROL_CONSTANT, TWO, H265, CAMERA_SECONDARY
functional_test.go:974: 37500, 18356, -51.05%, 1, 300000, 15, RESOLUTION_640X360, BITRATE_CONTROL_CONSTANT, TWO, H265, CAMERA_PRIMARY_LOW_RES
functional_test.go:974: 18750, 8543, -54.44%, 1, 150000, 15, RESOLUTION_640X360, BITRATE_CONTROL_CONSTANT, TWO, H265, CAMERA_SECONDARY_LOW_RES
functional_test.go:974: 437500, 168139, -61.57%, 1, 3500000, 30, RESOLUTION_2560X1440, BITRATE_CONTROL_CONSTANT, TWO, H265, CAMERA_PRIMARY
functional_test.go:974: 187500, 91801, -51.04%, 1, 1500000, 15, RESOLUTION_1920X1080, BITRATE_CONTROL_CONSTANT, TWO, H265, CAMERA_SECONDARY
functional_test.go:974: 37500, 12896, -65.61%, 1, 300000, 15, RESOLUTION_640X360, BITRATE_CONTROL_CONSTANT, TWO, H265, CAMERA_PRIMARY_LOW_RES
functional_test.go:974: 18750, 9187, -51.00%, 1, 150000, 15, RESOLUTION_640X360, BITRATE_CONTROL_CONSTANT, TWO, H265, CAMERA_SECONDARY_LOW_RES
functional_test.go:974: 437500, 119932, -72.59%, 1, 3500000, 30, RESOLUTION_2560X1440, BITRATE_CONTROL_CONSTANT, TWO, H265, CAMERA_PRIMARY
functional_test.go:974: 187500, 110944, -40.83%, 1, 1500000, 15, RESOLUTION_1920X1080, BITRATE_CONTROL_CONSTANT, TWO, H265, CAMERA_SECONDARY
functional_test.go:974: 37500, 16659, -55.58%, 1, 300000, 15, RESOLUTION_640X360, BITRATE_CONTROL_CONSTANT, TWO, H265, CAMERA_PRIMARY_LOW_RES
functional_test.go:974: 18750, 8058, -57.02%, 1, 150000, 15, RESOLUTION_640X360, BITRATE_CONTROL_CONSTANT, TWO, H265, CAMERA_SECONDARY_LOW_RES
functional_test.go:974: 437500, 106027, -75.77%, 1, 3500000, 30, RESOLUTION_2560X1440, BITRATE_CONTROL_CONSTANT, TWO, H265, CAMERA_PRIMARY
functional_test.go:974: 187500, 94268, -49.72%, 1, 1500000, 15, RESOLUTION_1920X1080, BITRATE_CONTROL_CONSTANT, TWO, H265, CAMERA_SECONDARY
functional_test.go:974: 37500, 18003, -51.99%, 1, 300000, 15, RESOLUTION_640X360, BITRATE_CONTROL_CONSTANT, TWO, H265, CAMERA_PRIMARY_LOW_RES
functional_test.go:974: 18750, 9688, -48.33%, 1, 150000, 15, RESOLUTION_640X360, BITRATE_CONTROL_CONSTANT, TWO, H265, CAMERA_SECONDARY_LOW_RES
functional_test.go:974: 437500, 239152, -45.34%, 1, 3500000, 30, RESOLUTION_2560X1440, BITRATE_CONTROL_CONSTANT, TWO, H265, CAMERA_PRIMARY
functional_test.go:974: 187500, 94783, -49.45%, 1, 1500000, 15, RESOLUTION_1920X1080, BITRATE_CONTROL_CONSTANT, TWO, H265, CAMERA_SECONDARY
functional_test.go:974: 37500, 23836, -36.44%, 1, 300000, 15, RESOLUTION_640X360, BITRATE_CONTROL_CONSTANT, TWO, H265, CAMERA_PRIMARY_LOW_RES
functional_test.go:974: 18750, 9047, -51.75%, 1, 150000, 15, RESOLUTION_640X360, BITRATE_CONTROL_CONSTANT, TWO, H265, CAMERA_SECONDARY_LOW_RES
functional_test.go:974: 437500, 120335, -72.49%, 1, 3500000, 30, RESOLUTION_2560X1440, BITRATE_CONTROL_CONSTANT, TWO, H265, CAMERA_PRIMARY
functional_test.go:974: 187500, 94230, -49.74%, 1, 1500000, 15, RESOLUTION_1920X1080, BITRATE_CONTROL_CONSTANT, TWO, H265, CAMERA_SECONDARY
functional_test.go:974: 37500, 17896, -52.28%, 1, 300000, 15, RESOLUTION_640X360, BITRATE_CONTROL_CONSTANT, TWO, H265, CAMERA_PRIMARY_LOW_RES
functional_test.go:974: 18750, 9285, -50.48%, 1, 150000, 15, RESOLUTION_640X360, BITRATE_CONTROL_CONSTANT, TWO, H265, CAMERA_SECONDARY_LOW_RES
functional_test.go:974: 437500, 138033, -68.45%, 1, 3500000, 30, RESOLUTION_2560X1440, BITRATE_CONTROL_CONSTANT, TWO, H265, CAMERA_PRIMARY
functional_test.go:974: 187500, 113413, -39.51%, 1, 1500000, 15, RESOLUTION_1920X1080, BITRATE_CONTROL_CONSTANT, TWO, H265, CAMERA_SECONDARY
functional_test.go:974: 37500, 24967, -33.42%, 1, 300000, 15, RESOLUTION_640X360, BITRATE_CONTROL_CONSTANT, TWO, H265, CAMERA_PRIMARY_LOW_RES
functional_test.go:974: 18750, 8342, -55.51%, 1, 150000, 15, RESOLUTION_640X360, BITRATE_CONTROL_CONSTANT, TWO, H265, CAMERA_SECONDARY_LOW_RES
functional_test.go:974: 437500, 180792, -58.68%, 1, 3500000, 30, RESOLUTION_2560X1440, BITRATE_CONTROL_CONSTANT, TWO, H265, CAMERA_PRIMARY
functional_test.go:974: 187500, 110930, -40.84%, 1, 1500000, 15, RESOLUTION_1920X1080, BITRATE_CONTROL_CONSTANT, TWO, H265, CAMERA_SECONDARY
functional_test.go:974: 37500, 17118, -54.35%, 1, 300000, 15, RESOLUTION_640X360, BITRATE_CONTROL_CONSTANT, TWO, H265, CAMERA_PRIMARY_LOW_RES
functional_test.go:974: 18750, 8292, -55.78%, 1, 150000, 15, RESOLUTION_640X360, BITRATE_CONTROL_CONSTANT, TWO, H265, CAMERA_SECONDARY_LOW_RES
functional_test.go:974: 437500, 123329, -71.81%, 1, 3500000, 30, RESOLUTION_2560X1440, BITRATE_CONTROL_CONSTANT, TWO, H265, CAMERA_PRIMARY
functional_test.go:974: 187500, 95924, -48.84%, 1, 1500000, 15, RESOLUTION_1920X1080, BITRATE_CONTROL_CONSTANT, TWO, H265, CAMERA_SECONDARY
functional_test.go:974: 37500, 19694, -47.48%, 1, 300000, 15, RESOLUTION_640X360, BITRATE_CONTROL_CONSTANT, TWO, H265, CAMERA_PRIMARY_LOW_RES
functional_test.go:974: 18750, 10164, -45.79%, 1, 150000, 15, RESOLUTION_640X360, BITRATE_CONTROL_CONSTANT, TWO, H265, CAMERA_SECONDARY_LOW_RES
functional_test.go:974: 437500, 120431, -72.47%, 1, 3500000, 30, RESOLUTION_2560X1440, BITRATE_CONTROL_CONSTANT, TWO, H265, CAMERA_PRIMARY
functional_test.go:974: 187500, 79499, -57.60%, 1, 1500000, 15, RESOLUTION_1920X1080, BITRATE_CONTROL_CONSTANT, TWO, H265, CAMERA_SECONDARY
functional_test.go:974: 37500, 17070, -54.48%, 1, 300000, 15, RESOLUTION_640X360, BITRATE_CONTROL_CONSTANT, TWO, H265, CAMERA_PRIMARY_LOW_RES
functional_test.go:974: 18750, 9187, -51.00%, 1, 150000, 15, RESOLUTION_640X360, BITRATE_CONTROL_CONSTANT, TWO, H265, CAMERA_SECONDARY_LOW_RES
functional_test.go:974: 437500, 120281, -72.51%, 1, 3500000, 30, RESOLUTION_2560X1440, BITRATE_CONTROL_CONSTANT, TWO, H265, CAMERA_PRIMARY
functional_test.go:974: 187500, 79138, -57.79%, 1, 1500000, 15, RESOLUTION_1920X1080, BITRATE_CONTROL_CONSTANT, TWO, H265, CAMERA_SECONDARY
functional_test.go:974: 37500, 16736, -55.37%, 1, 300000, 15, RESOLUTION_640X360, BITRATE_CONTROL_CONSTANT, TWO, H265, CAMERA_PRIMARY_LOW_RES
functional_test.go:974: 18750, 9313, -50.33%, 1, 150000, 15, RESOLUTION_640X360, BITRATE_CONTROL_CONSTANT, TWO, H265, CAMERA_SECONDARY_LOW_RES
functional_test.go:974: 437500, 289593, -33.81%, 1, 3500000, 30, RESOLUTION_2560X1440, BITRATE_CONTROL_CONSTANT, TWO, H265, CAMERA_PRIMARY
functional_test.go:974: 187500, 98560, -47.43%, 1, 1500000, 15, RESOLUTION_1920X1080, BITRATE_CONTROL_CONSTANT, TWO, H265, CAMERA_SECONDARY
functional_test.go:974: 37500, 22282, -40.58%, 1, 300000, 15, RESOLUTION_640X360, BITRATE_CONTROL_CONSTANT, TWO, H265, CAMERA_PRIMARY_LOW_RES
functional_test.go:974: 18750, 9346, -50.15%, 1, 150000, 15, RESOLUTION_640X360, BITRATE_CONTROL_CONSTANT, TWO, H265, CAMERA_SECONDARY_LOW_RES
functional_test.go:974: 437500, 123116, -71.86%, 1, 3500000, 30, RESOLUTION_2560X1440, BITRATE_CONTROL_CONSTANT, TWO, H265, CAMERA_PRIMARY
functional_test.go:974: 187500, 113272, -39.59%, 1, 1500000, 15, RESOLUTION_1920X1080, BITRATE_CONTROL_CONSTANT, TWO, H265, CAMERA_SECONDARY
functional_test.go:974: 37500, 11846, -68.41%, 1, 300000, 15, RESOLUTION_640X360, BITRATE_CONTROL_CONSTANT, TWO, H265, CAMERA_PRIMARY_LOW_RES
functional_test.go:974: 18750, 9228, -50.78%, 1, 150000, 15, RESOLUTION_640X360, BITRATE_CONTROL_CONSTANT, TWO, H265, CAMERA_SECONDARY_LOW_RES
functional_test.go:974: 437500, 184651, -57.79%, 1, 3500000, 30, RESOLUTION_2560X1440, BITRATE_CONTROL_CONSTANT, TWO, H265, CAMERA_PRIMARY
functional_test.go:974: 187500, 115409, -38.45%, 1, 1500000, 15, RESOLUTION_1920X1080, BITRATE_CONTROL_CONSTANT, TWO, H265, CAMERA_SECONDARY
functional_test.go:974: 37500, 17651, -52.93%, 1, 300000, 15, RESOLUTION_640X360, BITRATE_CONTROL_CONSTANT, TWO, H265, CAMERA_PRIMARY_LOW_RES
functional_test.go:974: 18750, 8436, -55.01%, 1, 150000, 15, RESOLUTION_640X360, BITRATE_CONTROL_CONSTANT, TWO, H265, CAMERA_SECONDARY_LOW_RES
functional_test.go:974: 437500, 138120, -68.43%, 1, 3500000, 30, RESOLUTION_2560X1440, BITRATE_CONTROL_CONSTANT, TWO, H265, CAMERA_PRIMARY
functional_test.go:974: 187500, 110755, -40.93%, 1, 1500000, 15, RESOLUTION_1920X1080, BITRATE_CONTROL_CONSTANT, TWO, H265, CAMERA_SECONDARY
functional_test.go:974: 37500, 24764, -33.96%, 1, 300000, 15, RESOLUTION_640X360, BITRATE_CONTROL_CONSTANT, TWO, H265, CAMERA_PRIMARY_LOW_RES
functional_test.go:974: 18750, 9471, -49.49%, 1, 150000, 15, RESOLUTION_640X360, BITRATE_CONTROL_CONSTANT, TWO, H265, CAMERA_SECONDARY_LOW_RES
functional_test.go:974: 437500, 138947, -68.24%, 1, 3500000, 30, RESOLUTION_2560X1440, BITRATE_CONTROL_CONSTANT, TWO, H265, CAMERA_PRIMARY
functional_test.go:974: 187500, 110670, -40.98%, 1, 1500000, 15, RESOLUTION_1920X1080, BITRATE_CONTROL_CONSTANT, TWO, H265, CAMERA_SECONDARY
functional_test.go:974: 37500, 23802, -36.53%, 1, 300000, 15, RESOLUTION_640X360, BITRATE_CONTROL_CONSTANT, TWO, H265, CAMERA_PRIMARY_LOW_RES
functional_test.go:974: 18750, 8860, -52.75%, 1, 150000, 15, RESOLUTION_640X360, BITRATE_CONTROL_CONSTANT, TWO, H265, CAMERA_SECONDARY_LOW_RES
functional_test.go:974: 437500, 287661, -34.25%, 1, 3500000, 30, RESOLUTION_2560X1440, BITRATE_CONTROL_CONSTANT, TWO, H265, CAMERA_PRIMARY
functional_test.go:974: 187500, 110452, -41.09%, 1, 1500000, 15, RESOLUTION_1920X1080, BITRATE_CONTROL_CONSTANT, TWO, H265, CAMERA_SECONDARY
functional_test.go:974: 37500, 18429, -50.86%, 1, 300000, 15, RESOLUTION_640X360, BITRATE_CONTROL_CONSTANT, TWO, H265, CAMERA_PRIMARY_LOW_RES
functional_test.go:974: 18750, 8715, -53.52%, 1, 150000, 15, RESOLUTION_640X360, BITRATE_CONTROL_CONSTANT, TWO, H265, CAMERA_SECONDARY_LOW_RES
functional_test.go:974: 437500, 142202, -67.50%, 1, 3500000, 30, RESOLUTION_2560X1440, BITRATE_CONTROL_CONSTANT, TWO, H265, CAMERA_PRIMARY
functional_test.go:974: 187500, 110937, -40.83%, 1, 1500000, 15, RESOLUTION_1920X1080, BITRATE_CONTROL_CONSTANT, TWO, H265, CAMERA_SECONDARY
functional_test.go:974: 37500, 23897, -36.27%, 1, 300000, 15, RESOLUTION_640X360, BITRATE_CONTROL_CONSTANT, TWO, H265, CAMERA_PRIMARY_LOW_RES
functional_test.go:974: 18750, 9056, -51.70%, 1, 150000, 15, RESOLUTION_640X360, BITRATE_CONTROL_CONSTANT, TWO, H265, CAMERA_SECONDARY_LOW_RES
functional_test.go:974: 437500, 137997, -68.46%, 1, 3500000, 30, RESOLUTION_2560X1440, BITRATE_CONTROL_CONSTANT, TWO, H265, CAMERA_PRIMARY
functional_test.go:974: 187500, 114433, -38.97%, 1, 1500000, 15, RESOLUTION_1920X1080, BITRATE_CONTROL_CONSTANT, TWO, H265, CAMERA_SECONDARY
functional_test.go:974: 37500, 28110, -25.04%, 1, 300000, 15, RESOLUTION_640X360, BITRATE_CONTROL_CONSTANT, TWO, H265, CAMERA_PRIMARY_LOW_RES
functional_test.go:974: 18750, 8812, -53.00%, 1, 150000, 15, RESOLUTION_640X360, BITRATE_CONTROL_CONSTANT, TWO, H265, CAMERA_SECONDARY_LOW_RES
functional_test.go:974: 437500, 238688, -45.44%, 1, 3500000, 30, RESOLUTION_2560X1440, BITRATE_CONTROL_CONSTANT, TWO, H265, CAMERA_PRIMARY
functional_test.go:974: 187500, 103720, -44.68%, 1, 1500000, 15, RESOLUTION_1920X1080, BITRATE_CONTROL_CONSTANT, TWO, H265, CAMERA_SECONDARY
functional_test.go:974: 37500, 23910, -36.24%, 1, 300000, 15, RESOLUTION_640X360, BITRATE_CONTROL_CONSTANT, TWO, H265, CAMERA_PRIMARY_LOW_RES
functional_test.go:974: 18750, 8674, -53.74%, 1, 150000, 15, RESOLUTION_640X360, BITRATE_CONTROL_CONSTANT, TWO, H265, CAMERA_SECONDARY_LOW_RES
functional_test.go:974: 437500, 125518, -71.31%, 1, 3500000, 30, RESOLUTION_2560X1440, BITRATE_CONTROL_CONSTANT, TWO, H265, CAMERA_PRIMARY
functional_test.go:974: 187500, 82693, -55.90%, 1, 1500000, 15, RESOLUTION_1920X1080, BITRATE_CONTROL_CONSTANT, TWO, H265, CAMERA_SECONDARY
functional_test.go:974: 37500, 17225, -54.07%, 1, 300000, 15, RESOLUTION_640X360, BITRATE_CONTROL_CONSTANT, TWO, H265, CAMERA_PRIMARY_LOW_RES
functional_test.go:974: 18750, 9899, -47.21%, 1, 150000, 15, RESOLUTION_640X360, BITRATE_CONTROL_CONSTANT, TWO, H265, CAMERA_SECONDARY_LOW_RES
functional_test.go:974: 437500, 292049, -33.25%, 1, 3500000, 30, RESOLUTION_2560X1440, BITRATE_CONTROL_CONSTANT, TWO, H265, CAMERA_PRIMARY
functional_test.go:974: 187500, 111265, -40.66%, 1, 1500000, 15, RESOLUTION_1920X1080, BITRATE_CONTROL_CONSTANT, TWO, H265, CAMERA_SECONDARY
functional_test.go:974: 37500, 18921, -49.54%, 1, 300000, 15, RESOLUTION_640X360, BITRATE_CONTROL_CONSTANT, TWO, H265, CAMERA_PRIMARY_LOW_RES
functional_test.go:974: 18750, 8872, -52.68%, 1, 150000, 15, RESOLUTION_640X360, BITRATE_CONTROL_CONSTANT, TWO, H265, CAMERA_SECONDARY_LOW_RES
functional_test.go:974: 437500, 290981, -33.49%, 1, 3500000, 30, RESOLUTION_2560X1440, BITRATE_CONTROL_CONSTANT, TWO, H265, CAMERA_PRIMARY
functional_test.go:974: 187500, 100880, -46.20%, 1, 1500000, 15, RESOLUTION_1920X1080, BITRATE_CONTROL_CONSTANT, TWO, H265, CAMERA_SECONDARY
functional_test.go:974: 37500, 23902, -36.26%, 1, 300000, 15, RESOLUTION_640X360, BITRATE_CONTROL_CONSTANT, TWO, H265, CAMERA_PRIMARY_LOW_RES
functional_test.go:974: 18750, 9653, -48.52%, 1, 150000, 15, RESOLUTION_640X360, BITRATE_CONTROL_CONSTANT, TWO, H265, CAMERA_SECONDARY_LOW_RES
functional_test.go:974: 437500, 198026, -54.74%, 1, 3500000, 30, RESOLUTION_2560X1440, BITRATE_CONTROL_CONSTANT, TWO, H265, CAMERA_PRIMARY
functional_test.go:974: 187500, 282199, 50.51%, 1, 1500000, 15, RESOLUTION_1920X1080, BITRATE_CONTROL_CONSTANT, TWO, H265, CAMERA_SECONDARY
functional_test.go:974: 37500, 17757, -52.65%, 1, 300000, 15, RESOLUTION_640X360, BITRATE_CONTROL_CONSTANT, TWO, H265, CAMERA_PRIMARY_LOW_RES
functional_test.go:974: 18750, 15204, -18.91%, 1, 150000, 15, RESOLUTION_640X360, BITRATE_CONTROL_CONSTANT, TWO, H265, CAMERA_SECONDARY_LOW_RES
functional_test.go:974: 437500, 834903, 90.83%, 1, 3500000, 30, RESOLUTION_2560X1440, BITRATE_CONTROL_CONSTANT, TWO, H265, CAMERA_PRIMARY
functional_test.go:974: 187500, 127262, -32.13%, 1, 1500000, 15, RESOLUTION_1920X1080, BITRATE_CONTROL_CONSTANT, TWO, H265, CAMERA_SECONDARY
functional_test.go:974: 37500, 55028, 46.74%, 1, 300000, 15, RESOLUTION_640X360, BITRATE_CONTROL_CONSTANT, TWO, H265, CAMERA_PRIMARY_LOW_RES
functional_test.go:974: 18750, 21587, 15.13%, 1, 150000, 15, RESOLUTION_640X360, BITRATE_CONTROL_CONSTANT, TWO, H265, CAMERA_SECONDARY_LOW_RES
functional_test.go:974: 437500, 162039, -62.96%, 1, 3500000, 30, RESOLUTION_2560X1440, BITRATE_CONTROL_CONSTANT, TWO, H265, CAMERA_PRIMARY
functional_test.go:974: 187500, 91479, -51.21%, 1, 1500000, 15, RESOLUTION_1920X1080, BITRATE_CONTROL_CONSTANT, TWO, H265, CAMERA_SECONDARY
functional_test.go:974: 37500, 18052, -51.86%, 1, 300000, 15, RESOLUTION_640X360, BITRATE_CONTROL_CONSTANT, TWO, H265, CAMERA_PRIMARY_LOW_RES
functional_test.go:974: 18750, 9300, -50.40%, 1, 150000, 15, RESOLUTION_640X360, BITRATE_CONTROL_CONSTANT, TWO, H265, CAMERA_SECONDARY_LOW_RES
functional_test.go:974: 437500, 124602, -71.52%, 1, 3500000, 30, RESOLUTION_2560X1440, BITRATE_CONTROL_CONSTANT, TWO, H265, CAMERA_PRIMARY
functional_test.go:974: 187500, 112746, -39.87%, 1, 1500000, 15, RESOLUTION_1920X1080, BITRATE_CONTROL_CONSTANT, TWO, H265, CAMERA_SECONDARY
functional_test.go:974: 37500, 18969, -49.42%, 1, 300000, 15, RESOLUTION_640X360, BITRATE_CONTROL_CONSTANT, TWO, H265, CAMERA_PRIMARY_LOW_RES
functional_test.go:974: 18750, 9184, -51.02%, 1, 150000, 15, RESOLUTION_640X360, BITRATE_CONTROL_CONSTANT, TWO, H265, CAMERA_SECONDARY_LOW_RES
functional_test.go:974: 437500, 238804, -45.42%, 1, 3500000, 30, RESOLUTION_2560X1440, BITRATE_CONTROL_CONSTANT, TWO, H265, CAMERA_PRIMARY
functional_test.go:974: 187500, 93902, -49.92%, 1, 1500000, 15, RESOLUTION_1920X1080, BITRATE_CONTROL_CONSTANT, TWO, H265, CAMERA_SECONDARY
functional_test.go:974: 37500, 24457, -34.78%, 1, 300000, 15, RESOLUTION_640X360, BITRATE_CONTROL_CONSTANT, TWO, H265, CAMERA_PRIMARY_LOW_RES
functional_test.go:974: 18750, 8772, -53.22%, 1, 150000, 15, RESOLUTION_640X360, BITRATE_CONTROL_CONSTANT, TWO, H265, CAMERA_SECONDARY_LOW_RES
functional_test.go:974: 437500, 138195, -68.41%, 1, 3500000, 30, RESOLUTION_2560X1440, BITRATE_CONTROL_CONSTANT, TWO, H265, CAMERA_PRIMARY
functional_test.go:974: 187500, 110450, -41.09%, 1, 1500000, 15, RESOLUTION_1920X1080, BITRATE_CONTROL_CONSTANT, TWO, H265, CAMERA_SECONDARY
functional_test.go:974: 37500, 26721, -28.74%, 1, 300000, 15, RESOLUTION_640X360, BITRATE_CONTROL_CONSTANT, TWO, H265, CAMERA_PRIMARY_LOW_RES
functional_test.go:974: 18750, 8912, -52.47%, 1, 150000, 15, RESOLUTION_640X360, BITRATE_CONTROL_CONSTANT, TWO, H265, CAMERA_SECONDARY_LOW_RES
functional_test.go:974: 437500, 120738, -72.40%, 1, 3500000, 30, RESOLUTION_2560X1440, BITRATE_CONTROL_CONSTANT, TWO, H265, CAMERA_PRIMARY
functional_test.go:974: 187500, 110729, -40.94%, 1, 1500000, 15, RESOLUTION_1920X1080, BITRATE_CONTROL_CONSTANT, TWO, H265, CAMERA_SECONDARY
functional_test.go:974: 37500, 17069, -54.48%, 1, 300000, 15, RESOLUTION_640X360, BITRATE_CONTROL_CONSTANT, TWO, H265, CAMERA_PRIMARY_LOW_RES
functional_test.go:974: 18750, 7914, -57.79%, 1, 150000, 15, RESOLUTION_640X360, BITRATE_CONTROL_CONSTANT, TWO, H265, CAMERA_SECONDARY_LOW_RES
functional_test.go:974: 437500, 124360, -71.57%, 1, 3500000, 30, RESOLUTION_2560X1440, BITRATE_CONTROL_CONSTANT, TWO, H265, CAMERA_PRIMARY
functional_test.go:974: 187500, 82595, -55.95%, 1, 1500000, 15, RESOLUTION_1920X1080, BITRATE_CONTROL_CONSTANT, TWO, H265, CAMERA_SECONDARY
functional_test.go:974: 37500, 17829, -52.46%, 1, 300000, 15, RESOLUTION_640X360, BITRATE_CONTROL_CONSTANT, TWO, H265, CAMERA_PRIMARY_LOW_RES
functional_test.go:974: 18750, 9853, -47.45%, 1, 150000, 15, RESOLUTION_640X360, BITRATE_CONTROL_CONSTANT, TWO, H265, CAMERA_SECONDARY_LOW_RES
functional_test.go:974: 437500, 120380, -72.48%, 1, 3500000, 30, RESOLUTION_2560X1440, BITRATE_CONTROL_CONSTANT, TWO, H265, CAMERA_PRIMARY
functional_test.go:974: 187500, 79345, -57.68%, 1, 1500000, 15, RESOLUTION_1920X1080, BITRATE_CONTROL_CONSTANT, TWO, H265, CAMERA_SECONDARY
functional_test.go:974: 37500, 17008, -54.65%, 1, 300000, 15, RESOLUTION_640X360, BITRATE_CONTROL_CONSTANT, TWO, H265, CAMERA_PRIMARY_LOW_RES
functional_test.go:974: 18750, 9297, -50.42%, 1, 150000, 15, RESOLUTION_640X360, BITRATE_CONTROL_CONSTANT, TWO, H265, CAMERA_SECONDARY_LOW_RES
functional_test.go:974: 437500, 162369, -62.89%, 1, 3500000, 30, RESOLUTION_2560X1440, BITRATE_CONTROL_CONSTANT, TWO, H265, CAMERA_PRIMARY
functional_test.go:974: 187500, 110740, -40.94%, 1, 1500000, 15, RESOLUTION_1920X1080, BITRATE_CONTROL_CONSTANT, TWO, H265, CAMERA_SECONDARY
functional_test.go:974: 37500, 18389, -50.96%, 1, 300000, 15, RESOLUTION_640X360, BITRATE_CONTROL_CONSTANT, TWO, H265, CAMERA_PRIMARY_LOW_RES
functional_test.go:974: 18750, 8303, -55.72%, 1, 150000, 15, RESOLUTION_640X360, BITRATE_CONTROL_CONSTANT, TWO, H265, CAMERA_SECONDARY_LOW_RES
functional_test.go:974: 437500, 184292, -57.88%, 1, 3500000, 30, RESOLUTION_2560X1440, BITRATE_CONTROL_CONSTANT, TWO, H265, CAMERA_PRIMARY
functional_test.go:974: 187500, 112119, -40.20%, 1, 1500000, 15, RESOLUTION_1920X1080, BITRATE_CONTROL_CONSTANT, TWO, H265, CAMERA_SECONDARY
functional_test.go:974: 37500, 17551, -53.20%, 1, 300000, 15, RESOLUTION_640X360, BITRATE_CONTROL_CONSTANT, TWO, H265, CAMERA_PRIMARY_LOW_RES
functional_test.go:974: 18750, 8129, -56.65%, 1, 150000, 15, RESOLUTION_640X360, BITRATE_CONTROL_CONSTANT, TWO, H265, CAMERA_SECONDARY_LOW_RES
functional_test.go:974: 437500, 182251, -58.34%, 1, 3500000, 30, RESOLUTION_2560X1440, BITRATE_CONTROL_CONSTANT, TWO, H265, CAMERA_PRIMARY
functional_test.go:974: 187500, 110776, -40.92%, 1, 1500000, 15, RESOLUTION_1920X1080, BITRATE_CONTROL_CONSTANT, TWO, H265, CAMERA_SECONDARY
functional_test.go:974: 37500, 12090, -67.76%, 1, 300000, 15, RESOLUTION_640X360, BITRATE_CONTROL_CONSTANT, TWO, H265, CAMERA_PRIMARY_LOW_RES
functional_test.go:974: 18750, 8692, -53.64%, 1, 150000, 15, RESOLUTION_640X360, BITRATE_CONTROL_CONSTANT, TWO, H265, CAMERA_SECONDARY_LOW_RES
functional_test.go:974: 437500, 165147, -62.25%, 1, 3500000, 30, RESOLUTION_2560X1440, BITRATE_CONTROL_CONSTANT, TWO, H265, CAMERA_PRIMARY
functional_test.go:974: 187500, 111915, -40.31%, 1, 1500000, 15, RESOLUTION_1920X1080, BITRATE_CONTROL_CONSTANT, TWO, H265, CAMERA_SECONDARY
functional_test.go:974: 37500, 18480, -50.72%, 1, 300000, 15, RESOLUTION_640X360, BITRATE_CONTROL_CONSTANT, TWO, H265, CAMERA_PRIMARY_LOW_RES
functional_test.go:974: 18750, 7838, -58.20%, 1, 150000, 15, RESOLUTION_640X360, BITRATE_CONTROL_CONSTANT, TWO, H265, CAMERA_SECONDARY_LOW_RES
functional_test.go:974: 437500, 245520, -43.88%, 1, 3500000, 30, RESOLUTION_2560X1440, BITRATE_CONTROL_CONSTANT, TWO, H265, CAMERA_PRIMARY
functional_test.go:974: 187500, 96420, -48.58%, 1, 1500000, 15, RESOLUTION_1920X1080, BITRATE_CONTROL_CONSTANT, TWO, H265, CAMERA_SECONDARY
functional_test.go:974: 37500, 25129, -32.99%, 1, 300000, 15, RESOLUTION_640X360, BITRATE_CONTROL_CONSTANT, TWO, H265, CAMERA_PRIMARY_LOW_RES
functional_test.go:974: 18750, 9805, -47.71%, 1, 150000, 15, RESOLUTION_640X360, BITRATE_CONTROL_CONSTANT, TWO, H265, CAMERA_SECONDARY_LOW_RES
functional_test.go:974: 437500, 311112, -28.89%, 1, 3500000, 30, RESOLUTION_2560X1440, BITRATE_CONTROL_CONSTANT, TWO, H265, CAMERA_PRIMARY
functional_test.go:974: 187500, 97199, -48.16%, 1, 1500000, 15, RESOLUTION_1920X1080, BITRATE_CONTROL_CONSTANT, TWO, H265, CAMERA_SECONDARY
functional_test.go:974: 37500, 23472, -37.41%, 1, 300000, 15, RESOLUTION_640X360, BITRATE_CONTROL_CONSTANT, TWO, H265, CAMERA_PRIMARY_LOW_RES
functional_test.go:974: 18750, 9008, -51.96%, 1, 150000, 15, RESOLUTION_640X360, BITRATE_CONTROL_CONSTANT, TWO, H265, CAMERA_SECONDARY_LOW_RES
functional_test.go:974: 437500, 290787, -33.53%, 1, 3500000, 30, RESOLUTION_2560X1440, BITRATE_CONTROL_CONSTANT, TWO, H265, CAMERA_PRIMARY
functional_test.go:974: 187500, 110534, -41.05%, 1, 1500000, 15, RESOLUTION_1920X1080, BITRATE_CONTROL_CONSTANT, TWO, H265, CAMERA_SECONDARY
functional_test.go:974: 37500, 22517, -39.95%, 1, 300000, 15, RESOLUTION_640X360, BITRATE_CONTROL_CONSTANT, TWO, H265, CAMERA_PRIMARY_LOW_RES
functional_test.go:974: 18750, 8536, -54.47%, 1, 150000, 15, RESOLUTION_640X360, BITRATE_CONTROL_CONSTANT, TWO, H265, CAMERA_SECONDARY_LOW_RES
functional_test.go:974: 437500, 243947, -44.24%, 1, 3500000, 30, RESOLUTION_2560X1440, BITRATE_CONTROL_CONSTANT, TWO, H265, CAMERA_PRIMARY
functional_test.go:974: 187500, 106877, -43.00%, 1, 1500000, 15, RESOLUTION_1920X1080, BITRATE_CONTROL_CONSTANT, TWO, H265, CAMERA_SECONDARY
functional_test.go:974: 37500, 25073, -33.14%, 1, 300000, 15, RESOLUTION_640X360, BITRATE_CONTROL_CONSTANT, TWO, H265, CAMERA_PRIMARY_LOW_RES
functional_test.go:974: 18750, 9306, -50.37%, 1, 150000, 15, RESOLUTION_640X360, BITRATE_CONTROL_CONSTANT, TWO, H265, CAMERA_SECONDARY_LOW_RES
functional_test.go:974: 437500, 105778, -75.82%, 1, 3500000, 30, RESOLUTION_2560X1440, BITRATE_CONTROL_CONSTANT, TWO, H265, CAMERA_PRIMARY
functional_test.go:974: 187500, 94524, -49.59%, 1, 1500000, 15, RESOLUTION_1920X1080, BITRATE_CONTROL_CONSTANT, TWO, H265, CAMERA_SECONDARY
functional_test.go:974: 37500, 17941, -52.16%, 1, 300000, 15, RESOLUTION_640X360, BITRATE_CONTROL_CONSTANT, TWO, H265, CAMERA_PRIMARY_LOW_RES
functional_test.go:974: 18750, 9766, -47.91%, 1, 150000, 15, RESOLUTION_640X360, BITRATE_CONTROL_CONSTANT, TWO, H265, CAMERA_SECONDARY_LOW_RES
functional_test.go:974: 437500, 120250, -72.51%, 1, 3500000, 30, RESOLUTION_2560X1440, BITRATE_CONTROL_CONSTANT, TWO, H265, CAMERA_PRIMARY
functional_test.go:974: 187500, 95499, -49.07%, 1, 1500000, 15, RESOLUTION_1920X1080, BITRATE_CONTROL_CONSTANT, TWO, H265, CAMERA_SECONDARY
functional_test.go:974: 37500, 18852, -49.73%, 1, 300000, 15, RESOLUTION_640X360, BITRATE_CONTROL_CONSTANT, TWO, H265, CAMERA_PRIMARY_LOW_RES
functional_test.go:974: 18750, 9358, -50.09%, 1, 150000, 15, RESOLUTION_640X360, BITRATE_CONTROL_CONSTANT, TWO, H265, CAMERA_SECONDARY_LOW_RES
functional_test.go:974: 437500, 189433, -56.70%, 1, 3500000, 30, RESOLUTION_2560X1440, BITRATE_CONTROL_CONSTANT, TWO, H265, CAMERA_PRIMARY
functional_test.go:974: 187500, 112673, -39.91%, 1, 1500000, 15, RESOLUTION_1920X1080, BITRATE_CONTROL_CONSTANT, TWO, H265, CAMERA_SECONDARY
functional_test.go:974: 37500, 17607, -53.05%, 1, 300000, 15, RESOLUTION_640X360, BITRATE_CONTROL_CONSTANT, TWO, H265, CAMERA_PRIMARY_LOW_RES
functional_test.go:974: 18750, 9247, -50.68%, 1, 150000, 15, RESOLUTION_640X360, BITRATE_CONTROL_CONSTANT, TWO, H265, CAMERA_SECONDARY_LOW_RES
functional_test.go:974: 437500, 120489, -72.46%, 1, 3500000, 30, RESOLUTION_2560X1440, BITRATE_CONTROL_CONSTANT, TWO, H265, CAMERA_PRIMARY
functional_test.go:974: 187500, 110795, -40.91%, 1, 1500000, 15, RESOLUTION_1920X1080, BITRATE_CONTROL_CONSTANT, TWO, H265, CAMERA_SECONDARY
functional_test.go:974: 37500, 17784, -52.58%, 1, 300000, 15, RESOLUTION_640X360, BITRATE_CONTROL_CONSTANT, TWO, H265, CAMERA_PRIMARY_LOW_RES
functional_test.go:974: 18750, 8534, -54.49%, 1, 150000, 15, RESOLUTION_640X360, BITRATE_CONTROL_CONSTANT, TWO, H265, CAMERA_SECONDARY_LOW_RES
functional_test.go:974: 437500, 180351, -58.78%, 1, 3500000, 30, RESOLUTION_2560X1440, BITRATE_CONTROL_CONSTANT, TWO, H265, CAMERA_PRIMARY
functional_test.go:974: 187500, 111254, -40.66%, 1, 1500000, 15, RESOLUTION_1920X1080, BITRATE_CONTROL_CONSTANT, TWO, H265, CAMERA_SECONDARY
functional_test.go:974: 37500, 12230, -67.39%, 1, 300000, 15, RESOLUTION_640X360, BITRATE_CONTROL_CONSTANT, TWO, H265, CAMERA_PRIMARY_LOW_RES
functional_test.go:974: 18750, 8754, -53.31%, 1, 150000, 15, RESOLUTION_640X360, BITRATE_CONTROL_CONSTANT, TWO, H265, CAMERA_SECONDARY_LOW_RES
functional_test.go:974: 437500, 122902, -71.91%, 1, 3500000, 30, RESOLUTION_2560X1440, BITRATE_CONTROL_CONSTANT, TWO, H265, CAMERA_PRIMARY
functional_test.go:974: 187500, 114700, -38.83%, 1, 1500000, 15, RESOLUTION_1920X1080, BITRATE_CONTROL_CONSTANT, TWO, H265, CAMERA_SECONDARY
functional_test.go:974: 37500, 17982, -52.05%, 1, 300000, 15, RESOLUTION_640X360, BITRATE_CONTROL_CONSTANT, TWO, H265, CAMERA_PRIMARY_LOW_RES
functional_test.go:974: 18750, 8611, -54.07%, 1, 150000, 15, RESOLUTION_640X360, BITRATE_CONTROL_CONSTANT, TWO, H265, CAMERA_SECONDARY_LOW_RES
functional_test.go:974: 437500, 239855, -45.18%, 1, 3500000, 30, RESOLUTION_2560X1440, BITRATE_CONTROL_CONSTANT, TWO, H265, CAMERA_PRIMARY
functional_test.go:974: 187500, 93769, -49.99%, 1, 1500000, 15, RESOLUTION_1920X1080, BITRATE_CONTROL_CONSTANT, TWO, H265, CAMERA_SECONDARY
functional_test.go:974: 37500, 23773, -36.61%, 1, 300000, 15, RESOLUTION_640X360, BITRATE_CONTROL_CONSTANT, TWO, H265, CAMERA_PRIMARY_LOW_RES
functional_test.go:974: 18750, 9033, -51.82%, 1, 150000, 15, RESOLUTION_640X360, BITRATE_CONTROL_CONSTANT, TWO, H265, CAMERA_SECONDARY_LOW_RES
functional_test.go:974: 437500, 173050, -60.45%, 1, 3500000, 30, RESOLUTION_2560X1440, BITRATE_CONTROL_CONSTANT, TWO, H265, CAMERA_PRIMARY
functional_test.go:974: 187500, 110859, -40.88%, 1, 1500000, 15, RESOLUTION_1920X1080, BITRATE_CONTROL_CONSTANT, TWO, H265, CAMERA_SECONDARY
functional_test.go:974: 37500, 15074, -59.80%, 1, 300000, 15, RESOLUTION_640X360, BITRATE_CONTROL_CONSTANT, TWO, H265, CAMERA_PRIMARY_LOW_RES
functional_test.go:974: 18750, 8131, -56.63%, 1, 150000, 15, RESOLUTION_640X360, BITRATE_CONTROL_CONSTANT, TWO, H265, CAMERA_SECONDARY_LOW_RES
functional_test.go:974: 437500, 121243, -72.29%, 1, 3500000, 30, RESOLUTION_2560X1440, BITRATE_CONTROL_CONSTANT, TWO, H265, CAMERA_PRIMARY
functional_test.go:974: 187500, 110800, -40.91%, 1, 1500000, 15, RESOLUTION_1920X1080, BITRATE_CONTROL_CONSTANT, TWO, H265, CAMERA_SECONDARY
functional_test.go:974: 37500, 17042, -54.55%, 1, 300000, 15, RESOLUTION_640X360, BITRATE_CONTROL_CONSTANT, TWO, H265, CAMERA_PRIMARY_LOW_RES
functional_test.go:974: 18750, 8051, -57.06%, 1, 150000, 15, RESOLUTION_640X360, BITRATE_CONTROL_CONSTANT, TWO, H265, CAMERA_SECONDARY_LOW_RES
functional_test.go:974: 437500, 289061, -33.93%, 1, 3500000, 30, RESOLUTION_2560X1440, BITRATE_CONTROL_CONSTANT, TWO, H265, CAMERA_PRIMARY
functional_test.go:974: 187500, 94005, -49.86%, 1, 1500000, 15, RESOLUTION_1920X1080, BITRATE_CONTROL_CONSTANT, TWO, H265, CAMERA_SECONDARY
functional_test.go:974: 37500, 18388, -50.97%, 1, 300000, 15, RESOLUTION_640X360, BITRATE_CONTROL_CONSTANT, TWO, H265, CAMERA_PRIMARY_LOW_RES
functional_test.go:974: 18750, 9237, -50.74%, 1, 150000, 15, RESOLUTION_640X360, BITRATE_CONTROL_CONSTANT, TWO, H265, CAMERA_SECONDARY_LOW_RES
functional_test.go:974: 437500, 180935, -58.64%, 1, 3500000, 30, RESOLUTION_2560X1440, BITRATE_CONTROL_CONSTANT, TWO, H265, CAMERA_PRIMARY
functional_test.go:974: 187500, 91337, -51.29%, 1, 1500000, 15, RESOLUTION_1920X1080, BITRATE_CONTROL_CONSTANT, TWO, H265, CAMERA_SECONDARY
functional_test.go:974: 37500, 16843, -55.09%, 1, 300000, 15, RESOLUTION_640X360, BITRATE_CONTROL_CONSTANT, TWO, H265, CAMERA_PRIMARY_LOW_RES
functional_test.go:974: 18750, 8903, -52.52%, 1, 150000, 15, RESOLUTION_640X360, BITRATE_CONTROL_CONSTANT, TWO, H265, CAMERA_SECONDARY_LOW_RES
functional_test.go:974: 437500, 289257, -33.88%, 1, 3500000, 30, RESOLUTION_2560X1440, BITRATE_CONTROL_CONSTANT, TWO, H265, CAMERA_PRIMARY
functional_test.go:974: 187500, 111602, -40.48%, 1, 1500000, 15, RESOLUTION_1920X1080, BITRATE_CONTROL_CONSTANT, TWO, H265, CAMERA_SECONDARY
functional_test.go:974: 37500, 15758, -57.98%, 1, 300000, 15, RESOLUTION_640X360, BITRATE_CONTROL_CONSTANT, TWO, H265, CAMERA_PRIMARY_LOW_RES
functional_test.go:974: 18750, 8857, -52.76%, 1, 150000, 15, RESOLUTION_640X360, BITRATE_CONTROL_CONSTANT, TWO, H265, CAMERA_SECONDARY_LOW_RES
functional_test.go:974: 437500, 180064, -58.84%, 1, 3500000, 30, RESOLUTION_2560X1440, BITRATE_CONTROL_CONSTANT, TWO, H265, CAMERA_PRIMARY
functional_test.go:974: 187500, 94424, -49.64%, 1, 1500000, 15, RESOLUTION_1920X1080, BITRATE_CONTROL_CONSTANT, TWO, H265, CAMERA_SECONDARY
functional_test.go:974: 37500, 12231, -67.38%, 1, 300000, 15, RESOLUTION_640X360, BITRATE_CONTROL_CONSTANT, TWO, H265, CAMERA_PRIMARY_LOW_RES
functional_test.go:974: 18750, 9355, -50.11%, 1, 150000, 15, RESOLUTION_640X360, BITRATE_CONTROL_CONSTANT, TWO, H265, CAMERA_SECONDARY_LOW_RES
functional_test.go:974: 437500, 192107, -56.09%, 1, 3500000, 30, RESOLUTION_2560X1440, BITRATE_CONTROL_CONSTANT, TWO, H265, CAMERA_PRIMARY
functional_test.go:974: 187500, 111047, -40.77%, 1, 1500000, 15, RESOLUTION_1920X1080, BITRATE_CONTROL_CONSTANT, TWO, H265, CAMERA_SECONDARY
functional_test.go:974: 37500, 23631, -36.98%, 1, 300000, 15, RESOLUTION_640X360, BITRATE_CONTROL_CONSTANT, TWO, H265, CAMERA_PRIMARY_LOW_RES
functional_test.go:974: 18750, 8403, -55.18%, 1, 150000, 15, RESOLUTION_640X360, BITRATE_CONTROL_CONSTANT, TWO, H265, CAMERA_SECONDARY_LOW_RES
functional_test.go:974: 437500, 169658, -61.22%, 1, 3500000, 30, RESOLUTION_2560X1440, BITRATE_CONTROL_CONSTANT, TWO, H265, CAMERA_PRIMARY
functional_test.go:974: 187500, 82190, -56.17%, 1, 1500000, 15, RESOLUTION_1920X1080, BITRATE_CONTROL_CONSTANT, TWO, H265, CAMERA_SECONDARY
functional_test.go:974: 37500, 15678, -58.19%, 1, 300000, 15, RESOLUTION_640X360, BITRATE_CONTROL_CONSTANT, TWO, H265, CAMERA_PRIMARY_LOW_RES
functional_test.go:974: 18750, 9340, -50.19%, 1, 150000, 15, RESOLUTION_640X360, BITRATE_CONTROL_CONSTANT, TWO, H265, CAMERA_SECONDARY_LOW_RES
functional_test.go:974: 437500, 139159, -68.19%, 1, 3500000, 30, RESOLUTION_2560X1440, BITRATE_CONTROL_CONSTANT, TWO, H265, CAMERA_PRIMARY
functional_test.go:974: 187500, 98044, -47.71%, 1, 1500000, 15, RESOLUTION_1920X1080, BITRATE_CONTROL_CONSTANT, TWO, H265, CAMERA_SECONDARY
functional_test.go:974: 37500, 23718, -36.75%, 1, 300000, 15, RESOLUTION_640X360, BITRATE_CONTROL_CONSTANT, TWO, H265, CAMERA_PRIMARY_LOW_RES
functional_test.go:974: 18750, 9320, -50.29%, 1, 150000, 15, RESOLUTION_640X360, BITRATE_CONTROL_CONSTANT, TWO, H265, CAMERA_SECONDARY_LOW_RES
functional_test.go:974: 437500, 104602, -76.09%, 1, 3500000, 30, RESOLUTION_2560X1440, BITRATE_CONTROL_CONSTANT, TWO, H265, CAMERA_PRIMARY
functional_test.go:974: 187500, 110713, -40.95%, 1, 1500000, 15, RESOLUTION_1920X1080, BITRATE_CONTROL_CONSTANT, TWO, H265, CAMERA_SECONDARY
functional_test.go:974: 37500, 16895, -54.95%, 1, 300000, 15, RESOLUTION_640X360, BITRATE_CONTROL_CONSTANT, TWO, H265, CAMERA_PRIMARY_LOW_RES
functional_test.go:974: 18750, 8270, -55.89%, 1, 150000, 15, RESOLUTION_640X360, BITRATE_CONTROL_CONSTANT, TWO, H265, CAMERA_SECONDARY_LOW_RES
functional_test.go:974: 437500, 92262, -78.91%, 1, 3500000, 30, RESOLUTION_2560X1440, BITRATE_CONTROL_CONSTANT, TWO, H265, CAMERA_PRIMARY
functional_test.go:974: 187500, 110971, -40.82%, 1, 1500000, 15, RESOLUTION_1920X1080, BITRATE_CONTROL_CONSTANT, TWO, H265, CAMERA_SECONDARY
functional_test.go:974: 37500, 12132, -67.65%, 1, 300000, 15, RESOLUTION_640X360, BITRATE_CONTROL_CONSTANT, TWO, H265, CAMERA_PRIMARY_LOW_RES
functional_test.go:974: 18750, 8817, -52.98%, 1, 150000, 15, RESOLUTION_640X360, BITRATE_CONTROL_CONSTANT, TWO, H265, CAMERA_SECONDARY_LOW_RES
functional_test.go:974: 437500, 288122, -34.14%, 1, 3500000, 30, RESOLUTION_2560X1440, BITRATE_CONTROL_CONSTANT, TWO, H265, CAMERA_PRIMARY
functional_test.go:974: 187500, 110501, -41.07%, 1, 1500000, 15, RESOLUTION_1920X1080, BITRATE_CONTROL_CONSTANT, TWO, H265, CAMERA_SECONDARY
functional_test.go:974: 37500, 21930, -41.52%, 1, 300000, 15, RESOLUTION_640X360, BITRATE_CONTROL_CONSTANT, TWO, H265, CAMERA_PRIMARY_LOW_RES
functional_test.go:974: 18750, 8879, -52.65%, 1, 150000, 15, RESOLUTION_640X360, BITRATE_CONTROL_CONSTANT, TWO, H265, CAMERA_SECONDARY_LOW_RES
functional_test.go:974: 437500, 119834, -72.61%, 1, 3500000, 30, RESOLUTION_2560X1440, BITRATE_CONTROL_CONSTANT, TWO, H265, CAMERA_PRIMARY
functional_test.go:974: 187500, 94400, -49.65%, 1, 1500000, 15, RESOLUTION_1920X1080, BITRATE_CONTROL_CONSTANT, TWO, H265, CAMERA_SECONDARY
functional_test.go:974: 37500, 18169, -51.55%, 1, 300000, 15, RESOLUTION_640X360, BITRATE_CONTROL_CONSTANT, TWO, H265, CAMERA_PRIMARY_LOW_RES
functional_test.go:974: 18750, 9285, -50.48%, 1, 150000, 15, RESOLUTION_640X360, BITRATE_CONTROL_CONSTANT, TWO, H265, CAMERA_SECONDARY_LOW_RES
functional_test.go:974: 437500, 163203, -62.70%, 1, 3500000, 30, RESOLUTION_2560X1440, BITRATE_CONTROL_CONSTANT, TWO, H265, CAMERA_PRIMARY
functional_test.go:974: 187500, 110683, -40.97%, 1, 1500000, 15, RESOLUTION_1920X1080, BITRATE_CONTROL_CONSTANT, TWO, H265, CAMERA_SECONDARY
functional_test.go:974: 37500, 18177, -51.53%, 1, 300000, 15, RESOLUTION_640X360, BITRATE_CONTROL_CONSTANT, TWO, H265, CAMERA_PRIMARY_LOW_RES
functional_test.go:974: 18750, 8362, -55.40%, 1, 150000, 15, RESOLUTION_640X360, BITRATE_CONTROL_CONSTANT, TWO, H265, CAMERA_SECONDARY_LOW_RES
functional_test.go:974: 437500, 289639, -33.80%, 1, 3500000, 30, RESOLUTION_2560X1440, BITRATE_CONTROL_CONSTANT, TWO, H265, CAMERA_PRIMARY
functional_test.go:974: 187500, 110794, -40.91%, 1, 1500000, 15, RESOLUTION_1920X1080, BITRATE_CONTROL_CONSTANT, TWO, H265, CAMERA_SECONDARY
functional_test.go:974: 37500, 15390, -58.96%, 1, 300000, 15, RESOLUTION_640X360, BITRATE_CONTROL_CONSTANT, TWO, H265, CAMERA_PRIMARY_LOW_RES
functional_test.go:974: 18750, 8832, -52.90%, 1, 150000, 15, RESOLUTION_640X360, BITRATE_CONTROL_CONSTANT, TWO, H265, CAMERA_SECONDARY_LOW_RES
functional_test.go:974: 437500, 138549, -68.33%, 1, 3500000, 30, RESOLUTION_2560X1440, BITRATE_CONTROL_CONSTANT, TWO, H265, CAMERA_PRIMARY
functional_test.go:974: 187500, 111011, -40.79%, 1, 1500000, 15, RESOLUTION_1920X1080, BITRATE_CONTROL_CONSTANT, TWO, H265, CAMERA_SECONDARY
functional_test.go:974: 37500, 18170, -51.55%, 1, 300000, 15, RESOLUTION_640X360, BITRATE_CONTROL_CONSTANT, TWO, H265, CAMERA_PRIMARY_LOW_RES
functional_test.go:974: 18750, 8046, -57.09%, 1, 150000, 15, RESOLUTION_640X360, BITRATE_CONTROL_CONSTANT, TWO, H265, CAMERA_SECONDARY_LOW_RES
functional_test.go:974: 437500, 103801, -76.27%, 1, 3500000, 30, RESOLUTION_2560X1440, BITRATE_CONTROL_CONSTANT, TWO, H265, CAMERA_PRIMARY
functional_test.go:974: 187500, 110867, -40.87%, 1, 1500000, 15, RESOLUTION_1920X1080, BITRATE_CONTROL_CONSTANT, TWO, H265, CAMERA_SECONDARY
functional_test.go:974: 37500, 16811, -55.17%, 1, 300000, 15, RESOLUTION_640X360, BITRATE_CONTROL_CONSTANT, TWO, H265, CAMERA_PRIMARY_LOW_RES
functional_test.go:974: 18750, 8186, -56.34%, 1, 150000, 15, RESOLUTION_640X360, BITRATE_CONTROL_CONSTANT, TWO, H265, CAMERA_SECONDARY_LOW_RES
functional_test.go:974: 437500, 237968, -45.61%, 1, 3500000, 30, RESOLUTION_2560X1440, BITRATE_CONTROL_CONSTANT, TWO, H265, CAMERA_PRIMARY
functional_test.go:974: 187500, 94785, -49.45%, 1, 1500000, 15, RESOLUTION_1920X1080, BITRATE_CONTROL_CONSTANT, TWO, H265, CAMERA_SECONDARY
functional_test.go:974: 37500, 23741, -36.69%, 1, 300000, 15, RESOLUTION_640X360, BITRATE_CONTROL_CONSTANT, TWO, H265, CAMERA_PRIMARY_LOW_RES
functional_test.go:974: 18750, 9001, -51.99%, 1, 150000, 15, RESOLUTION_640X360, BITRATE_CONTROL_CONSTANT, TWO, H265, CAMERA_SECONDARY_LOW_RES
functional_test.go:974: 437500, 104245, -76.17%, 1, 3500000, 30, RESOLUTION_2560X1440, BITRATE_CONTROL_CONSTANT, TWO, H265, CAMERA_PRIMARY
functional_test.go:974: 187500, 110484, -41.08%, 1, 1500000, 15, RESOLUTION_1920X1080, BITRATE_CONTROL_CONSTANT, TWO, H265, CAMERA_SECONDARY
functional_test.go:974: 37500, 16983, -54.71%, 1, 300000, 15, RESOLUTION_640X360, BITRATE_CONTROL_CONSTANT, TWO, H265, CAMERA_PRIMARY_LOW_RES
functional_test.go:974: 18750, 8289, -55.79%, 1, 150000, 15, RESOLUTION_640X360, BITRATE_CONTROL_CONSTANT, TWO, H265, CAMERA_SECONDARY_LOW_RES
functional_test.go:974: 437500, 142430, -67.44%, 1, 3500000, 30, RESOLUTION_2560X1440, BITRATE_CONTROL_CONSTANT, TWO, H265, CAMERA_PRIMARY
functional_test.go:974: 187500, 98491, -47.47%, 1, 1500000, 15, RESOLUTION_1920X1080, BITRATE_CONTROL_CONSTANT, TWO, H265, CAMERA_SECONDARY
functional_test.go:974: 37500, 12365, -67.03%, 1, 300000, 15, RESOLUTION_640X360, BITRATE_CONTROL_CONSTANT, TWO, H265, CAMERA_PRIMARY_LOW_RES
functional_test.go:974: 18750, 9326, -50.26%, 1, 150000, 15, RESOLUTION_640X360, BITRATE_CONTROL_CONSTANT, TWO, H265, CAMERA_SECONDARY_LOW_RES
functional_test.go:974: 437500, 288585, -34.04%, 1, 3500000, 30, RESOLUTION_2560X1440, BITRATE_CONTROL_CONSTANT, TWO, H265, CAMERA_PRIMARY
functional_test.go:974: 187500, 95074, -49.29%, 1, 1500000, 15, RESOLUTION_1920X1080, BITRATE_CONTROL_CONSTANT, TWO, H265, CAMERA_SECONDARY
functional_test.go:974: 37500, 18954, -49.46%, 1, 300000, 15, RESOLUTION_640X360, BITRATE_CONTROL_CONSTANT, TWO, H265, CAMERA_PRIMARY_LOW_RES
functional_test.go:974: 18750, 9093, -51.50%, 1, 150000, 15, RESOLUTION_640X360, BITRATE_CONTROL_CONSTANT, TWO, H265, CAMERA_SECONDARY_LOW_RES
